,col_1
0,0
1,1
2,2
3,3
4,4
5,5
6,6
7,7
8,8
9,9
10,10
11,11
12,12
13,13
14,14
15,15
16,16
17,17
18,18
19,19
20,20
21,21
22,22
23,23
24,24
25,25
26,26
27,27
28,28
29,29
30,30
31,31
32,32
33,33
34,34
35,35
36,36
37,37
38,38
39,39
40,40
41,41
42,42
43,43
44,44
45,45
46,46
47,47
48,48
49,49
50,50
51,51
52,52
53,53
54,54
55,55
56,56
57,57
58,58
59,59
60,60
61,61
62,62
63,63
64,64
65,65
66,66
67,67
68,68
69,69
70,70
71,71
72,72
73,73
74,74
75,75
76,76
77,77
78,78
79,79
80,80
81,81
82,82
83,83
84,84
85,85
86,86
87,87
88,88
89,89
90,90
91,91
92,92
93,93
94,94
95,95
96,96
97,97
98,98
99,99
100,100
101,101
102,102
103,103
104,104
105,105
106,106
107,107
108,108
109,109
110,110
111,111
112,112
113,113
114,114
115,115
116,116
117,117
118,118
119,119
120,120
121,121
122,122
123,123
124,124
125,125
126,126
127,127
128,128
129,129
130,130
131,131
132,132
133,133
134,134
135,135
136,136
137,137
138,138
139,139
140,140
141,141
142,142
143,143
144,144
145,145
146,146
147,147
148,148
149,149
150,150
151,151
152,152
153,153
154,154
155,155
156,156
157,157
158,158
159,159
160,160
161,161
162,162
163,163
164,164
165,165
166,166
167,167
168,168
169,169
170,170
171,171
172,172
173,173
174,174
175,175
176,176
177,177
178,178
179,179
180,180
181,181
182,182
183,183
184,184
185,185
186,186
187,187
188,188
189,189
190,190
191,191
192,192
193,193
194,194
195,195
196,196
197,197
198,198
199,199
200,200
201,201
202,202
203,203
204,204
205,205
206,206
207,207
208,208
209,209
210,210
211,211
212,212
213,213
214,214
215,215
216,216
217,217
218,218
219,219
220,220
221,221
222,222
223,223
224,224
225,225
226,226
227,227
228,228
229,229
230,230
231,231
232,232
233,233
234,234
235,235
236,236
237,237
238,238
239,239
240,240
241,241
242,242
243,243
244,244
245,245
246,246
247,247
248,248
249,249
250,250
251,251
252,252
253,253
254,254
255,255
256,256
257,257
258,258
259,259
260,260
261,261
262,262
263,263
264,264
265,265
266,266
267,267
268,268
269,269
270,270
271,271
272,272
273,273
274,274
275,275
276,276
277,277
278,278
279,279
280,280
281,281
282,282
283,283
284,284
285,285
286,286
287,287
288,288
289,289
290,290
291,291
292,292
293,293
294,294
295,295
296,296
297,297
298,298
299,299
300,300
301,301
302,302
303,303
304,304
305,305
306,306
307,307
308,308
309,309
310,310
311,311
312,312
313,313
314,314
315,315
316,316
317,317
318,318
319,319
320,320
321,321
322,322
323,323
324,324
325,325
326,326
327,327
328,328
329,329
330,330
331,331
332,332
333,333
334,334
335,335
336,336
337,337
338,338
339,339
340,340
341,341
342,342
343,343
344,344
345,345
346,346
347,347
348,348
349,349
350,350
351,351
352,352
353,353
354,354
355,355
356,356
357,357
358,358
359,359
360,360
361,361
362,362
363,363
364,364
365,365
366,366
367,367
368,368
369,369
370,370
371,371
372,372
373,373
374,374
375,375
376,376
377,377
378,378
379,379
380,380
381,381
382,382
383,383
384,384
385,385
386,386
387,387
388,388
389,389
390,390
391,391
392,392
393,393
394,394
395,395
396,396
397,397
398,398
399,399
400,400
401,401
402,402
403,403
404,404
405,405
406,406
407,407
408,408
409,409
410,410
411,411
412,412
413,413
414,414
415,415
416,416
417,417
418,418
419,419
420,420
421,421
422,422
423,423
424,424
425,425
426,426
427,427
428,428
429,429
430,430
431,431
432,432
433,433
434,434
435,435
436,436
437,437
438,438
439,439
440,440
441,441
442,442
443,443
444,444
445,445
446,446
447,447
448,448
449,449
450,450
451,451
452,452
453,453
454,454
455,455
456,456
457,457
458,458
459,459
460,460
461,461
462,462
463,463
464,464
465,465
466,466
467,467
468,468
469,469
470,470
471,471
472,472
473,473
474,474
475,475
476,476
477,477
478,478
479,479
480,480
481,481
482,482
483,483
484,484
485,485
486,486
487,487
488,488
489,489
490,490
491,491
492,492
493,493
494,494
495,495
496,496
497,497
498,498
499,499
500,500
501,501
502,502
503,503
504,504
505,505
506,506
507,507
508,508
509,509
510,510
511,511
512,512
513,513
514,514
515,515
516,516
517,517
518,518
519,519
520,520
521,521
522,522
523,523
524,524
525,525
526,526
527,527
528,528
529,529
530,530
531,531
532,532
533,533
534,534
535,535
536,536
537,537
538,538
539,539
540,540
541,541
542,542
543,543
544,544
545,545
546,546
547,547
548,548
549,549
550,550
551,551
552,552
553,553
554,554
555,555
556,556
557,557
558,558
559,559
560,560
561,561
562,562
563,563
564,564
565,565
566,566
567,567
568,568
569,569
570,570
571,571
572,572
573,573
574,574
575,575
576,576
577,577
578,578
579,579
580,580
581,581
582,582
583,583
584,584
585,585
586,586
587,587
588,588
589,589
590,590
591,591
592,592
593,593
594,594
595,595
596,596
597,597
598,598
599,599
600,600
601,601
602,602
603,603
604,604
605,605
606,606
607,607
608,608
609,609
610,610
611,611
612,612
613,613
614,614
615,615
616,616
617,617
618,618
619,619
620,620
621,621
622,622
623,623
624,624
625,625
626,626
627,627
628,628
629,629
630,630
631,631
632,632
633,633
634,634
635,635
636,636
637,637
638,638
639,639
640,640
641,641
642,642
643,643
644,644
645,645
646,646
647,647
648,648
649,649
650,650
651,651
652,652
653,653
654,654
655,655
656,656
657,657
658,658
659,659
660,660
661,661
662,662
663,663
664,664
665,665
666,666
667,667
668,668
669,669
670,670
671,671
672,672
673,673
674,674
675,675
676,676
677,677
678,678
679,679
680,680
681,681
682,682
683,683
684,684
685,685
686,686
687,687
688,688
689,689
690,690
691,691
692,692
693,693
694,694
695,695
696,696
697,697
698,698
699,699
700,700
701,701
702,702
703,703
704,704
705,705
706,706
707,707
708,708
709,709
710,710
711,711
712,712
713,713
714,714
715,715
716,716
717,717
718,718
719,719
720,720
721,721
722,722
723,723
724,724
725,725
726,726
727,727
728,728
729,729
730,730
731,731
732,732
733,733
734,734
735,735
736,736
737,737
738,738
739,739
740,740
741,741
742,742
743,743
744,744
745,745
746,746
747,747
748,748
749,749
750,750
751,751
752,752
753,753
754,754
755,755
756,756
757,757
758,758
759,759
760,760
761,761
762,762
763,763
764,764
765,765
766,766
767,767
768,768
769,769
770,770
771,771
772,772
773,773
774,774
775,775
776,776
777,777
778,778
779,779
780,780
781,781
782,782
783,783
784,784
785,785
786,786
787,787
788,788
789,789
790,790
791,791
792,792
793,793
794,794
795,795
796,796
797,797
798,798
799,799
800,800
801,801
802,802
803,803
804,804
805,805
806,806
807,807
808,808
809,809
810,810
811,811
812,812
813,813
814,814
815,815
816,816
817,817
818,818
819,819
820,820
821,821
822,822
823,823
824,824
825,825
826,826
827,827
828,828
829,829
830,830
831,831
832,832
833,833
834,834
835,835
836,836
837,837
838,838
839,839
840,840
841,841
842,842
843,843
844,844
845,845
846,846
847,847
848,848
849,849
850,850
851,851
852,852
853,853
854,854
855,855
856,856
857,857
858,858
859,859
860,860
861,861
862,862
863,863
864,864
865,865
866,866
867,867
868,868
869,869
870,870
871,871
872,872
873,873
874,874
875,875
876,876
877,877
878,878
879,879
880,880
881,881
882,882
883,883
884,884
885,885
886,886
887,887
888,888
889,889
890,890
891,891
892,892
893,893
894,894
895,895
896,896
897,897
898,898
899,899
900,900
901,901
902,902
903,903
904,904
905,905
906,906
907,907
908,908
909,909
910,910
911,911
912,912
913,913
914,914
915,915
916,916
917,917
918,918
919,919
920,920
921,921
922,922
923,923
924,924
925,925
926,926
927,927
928,928
929,929
930,930
931,931
932,932
933,933
934,934
935,935
936,936
937,937
938,938
939,939
940,940
941,941
942,942
943,943
944,944
945,945
946,946
947,947
948,948
949,949
950,950
951,951
952,952
953,953
954,954
955,955
956,956
957,957
958,958
959,959
960,960
961,961
962,962
963,963
964,964
965,965
966,966
967,967
968,968
969,969
970,970
971,971
972,972
973,973
974,974
975,975
976,976
977,977
978,978
979,979
980,980
981,981
982,982
983,983
984,984
985,985
986,986
987,987
988,988
989,989
990,990
991,991
992,992
993,993
994,994
995,995
996,996
997,997
998,998
999,999
1000,1000
1001,1001
1002,1002
1003,1003
1004,1004
1005,1005
1006,1006
1007,1007
1008,1008
1009,1009
1010,1010
1011,1011
1012,1012
1013,1013
1014,1014
1015,1015
1016,1016
1017,1017
1018,1018
1019,1019
1020,1020
1021,1021
1022,1022
1023,1023
1024,1024
1025,1025
1026,1026
1027,1027
1028,1028
1029,1029
1030,1030
1031,1031
1032,1032
1033,1033
1034,1034
1035,1035
1036,1036
1037,1037
1038,1038
1039,1039
1040,1040
1041,1041
1042,1042
1043,1043
1044,1044
1045,1045
1046,1046
1047,1047
1048,1048
1049,1049
1050,1050
1051,1051
1052,1052
1053,1053
1054,1054
1055,1055
1056,1056
1057,1057
1058,1058
1059,1059
1060,1060
1061,1061
1062,1062
1063,1063
1064,1064
1065,1065
1066,1066
1067,1067
1068,1068
1069,1069
1070,1070
1071,1071
1072,1072
1073,1073
1074,1074
1075,1075
1076,1076
1077,1077
1078,1078
1079,1079
1080,1080
1081,1081
1082,1082
1083,1083
1084,1084
1085,1085
1086,1086
1087,1087
1088,1088
1089,1089
1090,1090
1091,1091
1092,1092
1093,1093
1094,1094
1095,1095
1096,1096
1097,1097
1098,1098
1099,1099
1100,1100
1101,1101
1102,1102
1103,1103
1104,1104
1105,1105
1106,1106
1107,1107
1108,1108
1109,1109
1110,1110
1111,1111
1112,1112
1113,1113
1114,1114
1115,1115
1116,1116
1117,1117
1118,1118
1119,1119
1120,1120
1121,1121
1122,1122
1123,1123
1124,1124
1125,1125
1126,1126
1127,1127
1128,1128
1129,1129
1130,1130
1131,1131
1132,1132
1133,1133
1134,1134
1135,1135
1136,1136
1137,1137
1138,1138
1139,1139
1140,1140
1141,1141
1142,1142
1143,1143
1144,1144
1145,1145
1146,1146
1147,1147
1148,1148
1149,1149
1150,1150
1151,1151
1152,1152
1153,1153
1154,1154
1155,1155
1156,1156
1157,1157
1158,1158
1159,1159
1160,1160
1161,1161
1162,1162
1163,1163
1164,1164
1165,1165
1166,1166
1167,1167
1168,1168
1169,1169
1170,1170
1171,1171
1172,1172
1173,1173
1174,1174
1175,1175
1176,1176
1177,1177
1178,1178
1179,1179
1180,1180
1181,1181
1182,1182
1183,1183
1184,1184
1185,1185
1186,1186
1187,1187
1188,1188
1189,1189
1190,1190
1191,1191
1192,1192
1193,1193
1194,1194
1195,1195
1196,1196
1197,1197
1198,1198
1199,1199
1200,1200
1201,1201
1202,1202
1203,1203
1204,1204
1205,1205
1206,1206
1207,1207
1208,1208
1209,1209
1210,1210
1211,1211
1212,1212
1213,1213
1214,1214
1215,1215
1216,1216
1217,1217
1218,1218
1219,1219
1220,1220
1221,1221
1222,1222
1223,1223
1224,1224
1225,1225
1226,1226
1227,1227
1228,1228
1229,1229
1230,1230
1231,1231
1232,1232
1233,1233
1234,1234
1235,1235
1236,1236
1237,1237
1238,1238
1239,1239
1240,1240
1241,1241
1242,1242
1243,1243
1244,1244
1245,1245
1246,1246
1247,1247
1248,1248
1249,1249
1250,1250
1251,1251
1252,1252
1253,1253
1254,1254
1255,1255
1256,1256
1257,1257
1258,1258
1259,1259
1260,1260
1261,1261
1262,1262
1263,1263
1264,1264
1265,1265
1266,1266
1267,1267
1268,1268
1269,1269
1270,1270
1271,1271
1272,1272
1273,1273
1274,1274
1275,1275
1276,1276
1277,1277
1278,1278
1279,1279
1280,1280
1281,1281
1282,1282
1283,1283
1284,1284
1285,1285
1286,1286
1287,1287
1288,1288
1289,1289
1290,1290
1291,1291
1292,1292
1293,1293
1294,1294
1295,1295
1296,1296
1297,1297
1298,1298
1299,1299
1300,1300
1301,1301
1302,1302
1303,1303
1304,1304
1305,1305
1306,1306
1307,1307
1308,1308
1309,1309
1310,1310
1311,1311
1312,1312
1313,1313
1314,1314
1315,1315
1316,1316
1317,1317
1318,1318
1319,1319
1320,1320
1321,1321
1322,1322
1323,1323
1324,1324
1325,1325
1326,1326
1327,1327
1328,1328
1329,1329
1330,1330
1331,1331
1332,1332
1333,1333
1334,1334
1335,1335
1336,1336
1337,1337
1338,1338
1339,1339
1340,1340
1341,1341
1342,1342
1343,1343
1344,1344
1345,1345
1346,1346
1347,1347
1348,1348
1349,1349
1350,1350
1351,1351
1352,1352
1353,1353
1354,1354
1355,1355
1356,1356
1357,1357
1358,1358
1359,1359
1360,1360
1361,1361
1362,1362
1363,1363
1364,1364
1365,1365
1366,1366
1367,1367
1368,1368
1369,1369
1370,1370
1371,1371
1372,1372
1373,1373
1374,1374
1375,1375
1376,1376
1377,1377
1378,1378
1379,1379
1380,1380
1381,1381
1382,1382
1383,1383
1384,1384
1385,1385
1386,1386
1387,1387
1388,1388
1389,1389
1390,1390
1391,1391
1392,1392
1393,1393
1394,1394
1395,1395
1396,1396
1397,1397
1398,1398
1399,1399
1400,1400
1401,1401
1402,1402
1403,1403
1404,1404
1405,1405
1406,1406
1407,1407
1408,1408
1409,1409
1410,1410
1411,1411
1412,1412
1413,1413
1414,1414
1415,1415
1416,1416
1417,1417
1418,1418
1419,1419
1420,1420
1421,1421
1422,1422
1423,1423
1424,1424
1425,1425
1426,1426
1427,1427
1428,1428
1429,1429
1430,1430
1431,1431
1432,1432
1433,1433
1434,1434
1435,1435
1436,1436
1437,1437
1438,1438
1439,1439
1440,1440
1441,1441
1442,1442
1443,1443
1444,1444
1445,1445
1446,1446
1447,1447
1448,1448
1449,1449
1450,1450
1451,1451
1452,1452
1453,1453
1454,1454
1455,1455
1456,1456
1457,1457
1458,1458
1459,1459
1460,1460
1461,1461
1462,1462
1463,1463
1464,1464
1465,1465
1466,1466
1467,1467
1468,1468
1469,1469
1470,1470
1471,1471
1472,1472
1473,1473
1474,1474
1475,1475
1476,1476
1477,1477
1478,1478
1479,1479
1480,1480
1481,1481
1482,1482
1483,1483
1484,1484
1485,1485
1486,1486
1487,1487
1488,1488
1489,1489
1490,1490
1491,1491
1492,1492
1493,1493
1494,1494
1495,1495
1496,1496
1497,1497
1498,1498
1499,1499
1500,1500
1501,1501
1502,1502
1503,1503
1504,1504
1505,1505
1506,1506
1507,1507
1508,1508
1509,1509
1510,1510
1511,1511
1512,1512
1513,1513
1514,1514
1515,1515
1516,1516
1517,1517
1518,1518
1519,1519
1520,1520
1521,1521
1522,1522
1523,1523
1524,1524
1525,1525
1526,1526
1527,1527
1528,1528
1529,1529
1530,1530
1531,1531
1532,1532
1533,1533
1534,1534
1535,1535
1536,1536
1537,1537
1538,1538
1539,1539
1540,1540
1541,1541
1542,1542
1543,1543
1544,1544
1545,1545
1546,1546
1547,1547
1548,1548
1549,1549
1550,1550
1551,1551
1552,1552
1553,1553
1554,1554
1555,1555
1556,1556
1557,1557
1558,1558
1559,1559
1560,1560
1561,1561
1562,1562
1563,1563
1564,1564
1565,1565
1566,1566
1567,1567
1568,1568
1569,1569
1570,1570
1571,1571
1572,1572
1573,1573
1574,1574
1575,1575
1576,1576
1577,1577
1578,1578
1579,1579
1580,1580
1581,1581
1582,1582
1583,1583
1584,1584
1585,1585
1586,1586
1587,1587
1588,1588
1589,1589
1590,1590
1591,1591
1592,1592
1593,1593
1594,1594
1595,1595
1596,1596
1597,1597
1598,1598
1599,1599
1600,1600
1601,1601
1602,1602
1603,1603
1604,1604
1605,1605
1606,1606
1607,1607
1608,1608
1609,1609
1610,1610
1611,1611
1612,1612
1613,1613
1614,1614
1615,1615
1616,1616
1617,1617
1618,1618
1619,1619
1620,1620
1621,1621
1622,1622
1623,1623
1624,1624
1625,1625
1626,1626
1627,1627
1628,1628
1629,1629
1630,1630
1631,1631
1632,1632
1633,1633
1634,1634
1635,1635
1636,1636
1637,1637
1638,1638
1639,1639
1640,1640
1641,1641
1642,1642
1643,1643
1644,1644
1645,1645
1646,1646
1647,1647
1648,1648
1649,1649
1650,1650
1651,1651
1652,1652
1653,1653
1654,1654
1655,1655
1656,1656
1657,1657
1658,1658
1659,1659
1660,1660
1661,1661
1662,1662
1663,1663
1664,1664
1665,1665
1666,1666
1667,1667
1668,1668
1669,1669
1670,1670
1671,1671
1672,1672
1673,1673
1674,1674
1675,1675
1676,1676
1677,1677
1678,1678
1679,1679
1680,1680
1681,1681
1682,1682
1683,1683
1684,1684
1685,1685
1686,1686
1687,1687
1688,1688
1689,1689
1690,1690
1691,1691
1692,1692
1693,1693
1694,1694
1695,1695
1696,1696
1697,1697
1698,1698
1699,1699
1700,1700
1701,1701
1702,1702
1703,1703
1704,1704
1705,1705
1706,1706
1707,1707
1708,1708
1709,1709
1710,1710
1711,1711
1712,1712
1713,1713
1714,1714
1715,1715
1716,1716
1717,1717
1718,1718
1719,1719
1720,1720
1721,1721
1722,1722
1723,1723
1724,1724
1725,1725
1726,1726
1727,1727
1728,1728
1729,1729
1730,1730
1731,1731
1732,1732
1733,1733
1734,1734
1735,1735
1736,1736
1737,1737
1738,1738
1739,1739
1740,1740
1741,1741
1742,1742
1743,1743
1744,1744
1745,1745
1746,1746
1747,1747
1748,1748
1749,1749
1750,1750
1751,1751
1752,1752
1753,1753
1754,1754
1755,1755
1756,1756
1757,1757
1758,1758
1759,1759
1760,1760
1761,1761
1762,1762
1763,1763
1764,1764
1765,1765
1766,1766
1767,1767
1768,1768
1769,1769
1770,1770
1771,1771
1772,1772
1773,1773
1774,1774
1775,1775
1776,1776
1777,1777
1778,1778
1779,1779
1780,1780
1781,1781
1782,1782
1783,1783
1784,1784
1785,1785
1786,1786
1787,1787
1788,1788
1789,1789
1790,1790
1791,1791
1792,1792
1793,1793
1794,1794
1795,1795
1796,1796
1797,1797
1798,1798
1799,1799
1800,1800
1801,1801
1802,1802
1803,1803
1804,1804
1805,1805
1806,1806
1807,1807
1808,1808
1809,1809
1810,1810
1811,1811
1812,1812
1813,1813
1814,1814
1815,1815
1816,1816
1817,1817
1818,1818
1819,1819
1820,1820
1821,1821
1822,1822
1823,1823
1824,1824
1825,1825
1826,1826
1827,1827
1828,1828
1829,1829
1830,1830
1831,1831
1832,1832
1833,1833
1834,1834
1835,1835
1836,1836
1837,1837
1838,1838
1839,1839
1840,1840
1841,1841
1842,1842
1843,1843
1844,1844
1845,1845
1846,1846
1847,1847
1848,1848
1849,1849
1850,1850
1851,1851
1852,1852
1853,1853
1854,1854
1855,1855
1856,1856
1857,1857
1858,1858
1859,1859
1860,1860
1861,1861
1862,1862
1863,1863
1864,1864
1865,1865
1866,1866
1867,1867
1868,1868
1869,1869
1870,1870
1871,1871
1872,1872
1873,1873
1874,1874
1875,1875
1876,1876
1877,1877
1878,1878
1879,1879
1880,1880
1881,1881
1882,1882
1883,1883
1884,1884
1885,1885
1886,1886
1887,1887
1888,1888
1889,1889
1890,1890
1891,1891
1892,1892
1893,1893
1894,1894
1895,1895
1896,1896
1897,1897
1898,1898
1899,1899
1900,1900
1901,1901
1902,1902
1903,1903
1904,1904
1905,1905
1906,1906
1907,1907
1908,1908
1909,1909
1910,1910
1911,1911
1912,1912
1913,1913
1914,1914
1915,1915
1916,1916
1917,1917
1918,1918
1919,1919
1920,1920
1921,1921
1922,1922
1923,1923
1924,1924
1925,1925
1926,1926
1927,1927
1928,1928
1929,1929
1930,1930
1931,1931
1932,1932
1933,1933
1934,1934
1935,1935
1936,1936
1937,1937
1938,1938
1939,1939
1940,1940
1941,1941
1942,1942
1943,1943
1944,1944
1945,1945
1946,1946
1947,1947
1948,1948
1949,1949
1950,1950
1951,1951
1952,1952
1953,1953
1954,1954
1955,1955
1956,1956
1957,1957
1958,1958
1959,1959
1960,1960
1961,1961
1962,1962
1963,1963
1964,1964
1965,1965
1966,1966
1967,1967
1968,1968
1969,1969
1970,1970
1971,1971
1972,1972
1973,1973
1974,1974
1975,1975
1976,1976
1977,1977
1978,1978
1979,1979
1980,1980
1981,1981
1982,1982
1983,1983
1984,1984
1985,1985
1986,1986
1987,1987
1988,1988
1989,1989
1990,1990
1991,1991
1992,1992
1993,1993
1994,1994
1995,1995
1996,1996
1997,1997
1998,1998
1999,1999
2000,2000
2001,2001
2002,2002
2003,2003
2004,2004
2005,2005
2006,2006
2007,2007
2008,2008
2009,2009
2010,2010
2011,2011
2012,2012
2013,2013
2014,2014
2015,2015
2016,2016
2017,2017
2018,2018
2019,2019
2020,2020
2021,2021
2022,2022
2023,2023
2024,2024
2025,2025
2026,2026
2027,2027
2028,2028
2029,2029
2030,2030
2031,2031
2032,2032
2033,2033
2034,2034
2035,2035
2036,2036
2037,2037
2038,2038
2039,2039
2040,2040
2041,2041
2042,2042
2043,2043
2044,2044
2045,2045
2046,2046
2047,2047
2048,2048
2049,2049
2050,2050
2051,2051
2052,2052
2053,2053
2054,2054
2055,2055
2056,2056
2057,2057
2058,2058
2059,2059
2060,2060
2061,2061
2062,2062
2063,2063
2064,2064
2065,2065
2066,2066
2067,2067
2068,2068
2069,2069
2070,2070
2071,2071
2072,2072
2073,2073
2074,2074
2075,2075
2076,2076
2077,2077
2078,2078
2079,2079
2080,2080
2081,2081
2082,2082
2083,2083
2084,2084
2085,2085
2086,2086
2087,2087
2088,2088
2089,2089
2090,2090
2091,2091
2092,2092
2093,2093
2094,2094
2095,2095
2096,2096
2097,2097
2098,2098
2099,2099
2100,2100
2101,2101
2102,2102
2103,2103
2104,2104
2105,2105
2106,2106
2107,2107
2108,2108
2109,2109
2110,2110
2111,2111
2112,2112
2113,2113
2114,2114
2115,2115
2116,2116
2117,2117
2118,2118
2119,2119
2120,2120
2121,2121
2122,2122
2123,2123
2124,2124
2125,2125
2126,2126
2127,2127
2128,2128
2129,2129
2130,2130
2131,2131
2132,2132
2133,2133
2134,2134
2135,2135
2136,2136
2137,2137
2138,2138
2139,2139
2140,2140
2141,2141
2142,2142
2143,2143
2144,2144
2145,2145
2146,2146
2147,2147
2148,2148
2149,2149
2150,2150
2151,2151
2152,2152
2153,2153
2154,2154
2155,2155
2156,2156
2157,2157
2158,2158
2159,2159
2160,2160
2161,2161
2162,2162
2163,2163
2164,2164
2165,2165
2166,2166
2167,2167
2168,2168
2169,2169
2170,2170
2171,2171
2172,2172
2173,2173
2174,2174
2175,2175
2176,2176
2177,2177
2178,2178
2179,2179
2180,2180
2181,2181
2182,2182
2183,2183
2184,2184
2185,2185
2186,2186
2187,2187
2188,2188
2189,2189
2190,2190
2191,2191
2192,2192
2193,2193
2194,2194
2195,2195
2196,2196
2197,2197
2198,2198
2199,2199
2200,2200
2201,2201
2202,2202
2203,2203
2204,2204
2205,2205
2206,2206
2207,2207
2208,2208
2209,2209
2210,2210
2211,2211
2212,2212
2213,2213
2214,2214
2215,2215
2216,2216
2217,2217
2218,2218
2219,2219
2220,2220
2221,2221
2222,2222
2223,2223
2224,2224
2225,2225
2226,2226
2227,2227
2228,2228
2229,2229
2230,2230
2231,2231
2232,2232
2233,2233
2234,2234
2235,2235
2236,2236
2237,2237
2238,2238
2239,2239
2240,2240
2241,2241
2242,2242
2243,2243
2244,2244
2245,2245
2246,2246
2247,2247
2248,2248
2249,2249
2250,2250
2251,2251
2252,2252
2253,2253
2254,2254
2255,2255
2256,2256
2257,2257
2258,2258
2259,2259
2260,2260
2261,2261
2262,2262
2263,2263
2264,2264
2265,2265
2266,2266
2267,2267
2268,2268
2269,2269
2270,2270
2271,2271
2272,2272
2273,2273
2274,2274
2275,2275
2276,2276
2277,2277
2278,2278
2279,2279
2280,2280
2281,2281
2282,2282
2283,2283
2284,2284
2285,2285
2286,2286
2287,2287
2288,2288
2289,2289
2290,2290
2291,2291
2292,2292
2293,2293
2294,2294
2295,2295
2296,2296
2297,2297
2298,2298
2299,2299
2300,2300
2301,2301
2302,2302
2303,2303
2304,2304
2305,2305
2306,2306
2307,2307
2308,2308
2309,2309
2310,2310
2311,2311
2312,2312
2313,2313
2314,2314
2315,2315
2316,2316
2317,2317
2318,2318
2319,2319
2320,2320
2321,2321
2322,2322
2323,2323
2324,2324
2325,2325
2326,2326
2327,2327
2328,2328
2329,2329
2330,2330
2331,2331
2332,2332
2333,2333
2334,2334
2335,2335
2336,2336
2337,2337
2338,2338
2339,2339
2340,2340
2341,2341
2342,2342
2343,2343
2344,2344
2345,2345
2346,2346
2347,2347
2348,2348
2349,2349
2350,2350
2351,2351
2352,2352
2353,2353
2354,2354
2355,2355
2356,2356
2357,2357
2358,2358
2359,2359
2360,2360
2361,2361
2362,2362
2363,2363
2364,2364
2365,2365
2366,2366
2367,2367
2368,2368
2369,2369
2370,2370
2371,2371
2372,2372
2373,2373
2374,2374
2375,2375
2376,2376
2377,2377
2378,2378
2379,2379
2380,2380
2381,2381
2382,2382
2383,2383
2384,2384
2385,2385
2386,2386
2387,2387
2388,2388
2389,2389
2390,2390
2391,2391
2392,2392
2393,2393
2394,2394
2395,2395
2396,2396
2397,2397
2398,2398
2399,2399
2400,2400
2401,2401
2402,2402
2403,2403
2404,2404
2405,2405
2406,2406
2407,2407
2408,2408
2409,2409
2410,2410
2411,2411
2412,2412
2413,2413
2414,2414
2415,2415
2416,2416
2417,2417
2418,2418
2419,2419
2420,2420
2421,2421
2422,2422
2423,2423
2424,2424
2425,2425
2426,2426
2427,2427
2428,2428
2429,2429
2430,2430
2431,2431
2432,2432
2433,2433
2434,2434
2435,2435
2436,2436
2437,2437
2438,2438
2439,2439
2440,2440
2441,2441
2442,2442
2443,2443
2444,2444
2445,2445
2446,2446
2447,2447
2448,2448
2449,2449
2450,2450
2451,2451
2452,2452
2453,2453
2454,2454
2455,2455
2456,2456
2457,2457
2458,2458
2459,2459
2460,2460
2461,2461
2462,2462
2463,2463
2464,2464
2465,2465
2466,2466
2467,2467
2468,2468
2469,2469
2470,2470
2471,2471
2472,2472
2473,2473
2474,2474
2475,2475
2476,2476
2477,2477
2478,2478
2479,2479
2480,2480
2481,2481
2482,2482
2483,2483
2484,2484
2485,2485
2486,2486
2487,2487
2488,2488
2489,2489
2490,2490
2491,2491
2492,2492
2493,2493
2494,2494
2495,2495
2496,2496
2497,2497
2498,2498
2499,2499
2500,2500
2501,2501
2502,2502
2503,2503
2504,2504
2505,2505
2506,2506
2507,2507
2508,2508
2509,2509
2510,2510
2511,2511
2512,2512
2513,2513
2514,2514
2515,2515
2516,2516
2517,2517
2518,2518
2519,2519
2520,2520
2521,2521
2522,2522
2523,2523
2524,2524
2525,2525
2526,2526
2527,2527
2528,2528
2529,2529
2530,2530
2531,2531
2532,2532
2533,2533
2534,2534
2535,2535
2536,2536
2537,2537
2538,2538
2539,2539
2540,2540
2541,2541
2542,2542
2543,2543
2544,2544
2545,2545
2546,2546
2547,2547
2548,2548
2549,2549
2550,2550
2551,2551
2552,2552
2553,2553
2554,2554
2555,2555
2556,2556
2557,2557
2558,2558
2559,2559
2560,2560
2561,2561
2562,2562
2563,2563
2564,2564
2565,2565
2566,2566
2567,2567
2568,2568
2569,2569
2570,2570
2571,2571
2572,2572
2573,2573
2574,2574
2575,2575
2576,2576
2577,2577
2578,2578
2579,2579
2580,2580
2581,2581
2582,2582
2583,2583
2584,2584
2585,2585
2586,2586
2587,2587
2588,2588
2589,2589
2590,2590
2591,2591
2592,2592
2593,2593
2594,2594
2595,2595
2596,2596
2597,2597
2598,2598
2599,2599
2600,2600
2601,2601
2602,2602
2603,2603
2604,2604
2605,2605
2606,2606
2607,2607
2608,2608
2609,2609
2610,2610
2611,2611
2612,2612
2613,2613
2614,2614
2615,2615
2616,2616
2617,2617
2618,2618
2619,2619
2620,2620
2621,2621
2622,2622
2623,2623
2624,2624
2625,2625
2626,2626
2627,2627
2628,2628
2629,2629
2630,2630
2631,2631
2632,2632
2633,2633
2634,2634
2635,2635
2636,2636
2637,2637
2638,2638
2639,2639
2640,2640
2641,2641
2642,2642
2643,2643
2644,2644
2645,2645
2646,2646
2647,2647
2648,2648
2649,2649
2650,2650
2651,2651
2652,2652
2653,2653
2654,2654
2655,2655
2656,2656
2657,2657
2658,2658
2659,2659
2660,2660
2661,2661
2662,2662
2663,2663
2664,2664
2665,2665
2666,2666
2667,2667
2668,2668
2669,2669
2670,2670
2671,2671
2672,2672
2673,2673
2674,2674
2675,2675
2676,2676
2677,2677
2678,2678
2679,2679
2680,2680
2681,2681
2682,2682
2683,2683
2684,2684
2685,2685
2686,2686
2687,2687
2688,2688
2689,2689
2690,2690
2691,2691
2692,2692
2693,2693
2694,2694
2695,2695
2696,2696
2697,2697
2698,2698
2699,2699
2700,2700
2701,2701
2702,2702
2703,2703
2704,2704
2705,2705
2706,2706
2707,2707
2708,2708
2709,2709
2710,2710
2711,2711
2712,2712
2713,2713
2714,2714
2715,2715
2716,2716
2717,2717
2718,2718
2719,2719
2720,2720
2721,2721
2722,2722
2723,2723
2724,2724
2725,2725
2726,2726
2727,2727
2728,2728
2729,2729
2730,2730
2731,2731
2732,2732
2733,2733
2734,2734
2735,2735
2736,2736
2737,2737
2738,2738
2739,2739
2740,2740
2741,2741
2742,2742
2743,2743
2744,2744
2745,2745
2746,2746
2747,2747
2748,2748
2749,2749
2750,2750
2751,2751
2752,2752
2753,2753
2754,2754
2755,2755
2756,2756
2757,2757
2758,2758
2759,2759
2760,2760
2761,2761
2762,2762
2763,2763
2764,2764
2765,2765
2766,2766
2767,2767
2768,2768
2769,2769
2770,2770
2771,2771
2772,2772
2773,2773
2774,2774
2775,2775
2776,2776
2777,2777
2778,2778
2779,2779
2780,2780
2781,2781
2782,2782
2783,2783
2784,2784
2785,2785
2786,2786
2787,2787
2788,2788
2789,2789
2790,2790
2791,2791
2792,2792
2793,2793
2794,2794
2795,2795
2796,2796
2797,2797
2798,2798
2799,2799
2800,2800
2801,2801
2802,2802
2803,2803
2804,2804
2805,2805
2806,2806
2807,2807
2808,2808
2809,2809
2810,2810
2811,2811
2812,2812
2813,2813
2814,2814
2815,2815
2816,2816
2817,2817
2818,2818
2819,2819
2820,2820
2821,2821
2822,2822
2823,2823
2824,2824
2825,2825
2826,2826
2827,2827
2828,2828
2829,2829
2830,2830
2831,2831
2832,2832
2833,2833
2834,2834
2835,2835
2836,2836
2837,2837
2838,2838
2839,2839
2840,2840
2841,2841
2842,2842
2843,2843
2844,2844
2845,2845
2846,2846
2847,2847
2848,2848
2849,2849
2850,2850
2851,2851
2852,2852
2853,2853
2854,2854
2855,2855
2856,2856
2857,2857
2858,2858
2859,2859
2860,2860
2861,2861
2862,2862
2863,2863
2864,2864
2865,2865
2866,2866
2867,2867
2868,2868
2869,2869
2870,2870
2871,2871
2872,2872
2873,2873
2874,2874
2875,2875
2876,2876
2877,2877
2878,2878
2879,2879
2880,2880
2881,2881
2882,2882
2883,2883
2884,2884
2885,2885
2886,2886
2887,2887
2888,2888
2889,2889
2890,2890
2891,2891
2892,2892
2893,2893
2894,2894
2895,2895
2896,2896
2897,2897
2898,2898
2899,2899
2900,2900
2901,2901
2902,2902
2903,2903
2904,2904
2905,2905
2906,2906
2907,2907
2908,2908
2909,2909
2910,2910
2911,2911
2912,2912
2913,2913
2914,2914
2915,2915
2916,2916
2917,2917
2918,2918
2919,2919
2920,2920
2921,2921
2922,2922
2923,2923
2924,2924
2925,2925
2926,2926
2927,2927
2928,2928
2929,2929
2930,2930
2931,2931
2932,2932
2933,2933
2934,2934
2935,2935
2936,2936
2937,2937
2938,2938
2939,2939
2940,2940
2941,2941
2942,2942
2943,2943
2944,2944
2945,2945
2946,2946
2947,2947
2948,2948
2949,2949
2950,2950
2951,2951
2952,2952
2953,2953
2954,2954
2955,2955
2956,2956
2957,2957
2958,2958
2959,2959
2960,2960
2961,2961
2962,2962
2963,2963
2964,2964
2965,2965
2966,2966
2967,2967
2968,2968
2969,2969
2970,2970
2971,2971
2972,2972
2973,2973
2974,2974
2975,2975
2976,2976
2977,2977
2978,2978
2979,2979
2980,2980
2981,2981
2982,2982
2983,2983
2984,2984
2985,2985
2986,2986
2987,2987
2988,2988
2989,2989
2990,2990
2991,2991
2992,2992
2993,2993
2994,2994
2995,2995
2996,2996
2997,2997
2998,2998
2999,2999
3000,3000
3001,3001
3002,3002
3003,3003
3004,3004
3005,3005
3006,3006
3007,3007
3008,3008
3009,3009
3010,3010
3011,3011
3012,3012
3013,3013
3014,3014
3015,3015
3016,3016
3017,3017
3018,3018
3019,3019
3020,3020
3021,3021
3022,3022
3023,3023
3024,3024
3025,3025
3026,3026
3027,3027
3028,3028
3029,3029
3030,3030
3031,3031
3032,3032
3033,3033
3034,3034
3035,3035
3036,3036
3037,3037
3038,3038
3039,3039
3040,3040
3041,3041
3042,3042
3043,3043
3044,3044
3045,3045
3046,3046
3047,3047
3048,3048
3049,3049
3050,3050
3051,3051
3052,3052
3053,3053
3054,3054
3055,3055
3056,3056
3057,3057
3058,3058
3059,3059
3060,3060
3061,3061
3062,3062
3063,3063
3064,3064
3065,3065
3066,3066
3067,3067
3068,3068
3069,3069
3070,3070
3071,3071
3072,3072
3073,3073
3074,3074
3075,3075
3076,3076
3077,3077
3078,3078
3079,3079
3080,3080
3081,3081
3082,3082
3083,3083
3084,3084
3085,3085
3086,3086
3087,3087
3088,3088
3089,3089
3090,3090
3091,3091
3092,3092
3093,3093
3094,3094
3095,3095
3096,3096
3097,3097
3098,3098
3099,3099
3100,3100
3101,3101
3102,3102
3103,3103
3104,3104
3105,3105
3106,3106
3107,3107
3108,3108
3109,3109
3110,3110
3111,3111
3112,3112
3113,3113
3114,3114
3115,3115
3116,3116
3117,3117
3118,3118
3119,3119
3120,3120
3121,3121
3122,3122
3123,3123
3124,3124
3125,3125
3126,3126
3127,3127
3128,3128
3129,3129
3130,3130
3131,3131
3132,3132
3133,3133
3134,3134
3135,3135
3136,3136
3137,3137
3138,3138
3139,3139
3140,3140
3141,3141
3142,3142
3143,3143
3144,3144
3145,3145
3146,3146
3147,3147
3148,3148
3149,3149
3150,3150
3151,3151
3152,3152
3153,3153
3154,3154
3155,3155
3156,3156
3157,3157
3158,3158
3159,3159
3160,3160
3161,3161
3162,3162
3163,3163
3164,3164
3165,3165
3166,3166
3167,3167
3168,3168
3169,3169
3170,3170
3171,3171
3172,3172
3173,3173
3174,3174
3175,3175
3176,3176
3177,3177
3178,3178
3179,3179
3180,3180
3181,3181
3182,3182
3183,3183
3184,3184
3185,3185
3186,3186
3187,3187
3188,3188
3189,3189
3190,3190
3191,3191
3192,3192
3193,3193
3194,3194
3195,3195
3196,3196
3197,3197
3198,3198
3199,3199
3200,3200
3201,3201
3202,3202
3203,3203
3204,3204
3205,3205
3206,3206
3207,3207
3208,3208
3209,3209
3210,3210
3211,3211
3212,3212
3213,3213
3214,3214
3215,3215
3216,3216
3217,3217
3218,3218
3219,3219
3220,3220
3221,3221
3222,3222
3223,3223
3224,3224
3225,3225
3226,3226
3227,3227
3228,3228
3229,3229
3230,3230
3231,3231
3232,3232
3233,3233
3234,3234
3235,3235
3236,3236
3237,3237
3238,3238
3239,3239
3240,3240
3241,3241
3242,3242
3243,3243
3244,3244
3245,3245
3246,3246
3247,3247
3248,3248
3249,3249
3250,3250
3251,3251
3252,3252
3253,3253
3254,3254
3255,3255
3256,3256
3257,3257
3258,3258
3259,3259
3260,3260
3261,3261
3262,3262
3263,3263
3264,3264
3265,3265
3266,3266
3267,3267
3268,3268
3269,3269
3270,3270
3271,3271
3272,3272
3273,3273
3274,3274
3275,3275
3276,3276
3277,3277
3278,3278
3279,3279
3280,3280
3281,3281
3282,3282
3283,3283
3284,3284
3285,3285
3286,3286
3287,3287
3288,3288
3289,3289
3290,3290
3291,3291
3292,3292
3293,3293
3294,3294
3295,3295
3296,3296
3297,3297
3298,3298
3299,3299
3300,3300
3301,3301
3302,3302
3303,3303
3304,3304
3305,3305
3306,3306
3307,3307
3308,3308
3309,3309
3310,3310
3311,3311
3312,3312
3313,3313
3314,3314
3315,3315
3316,3316
3317,3317
3318,3318
3319,3319
3320,3320
3321,3321
3322,3322
3323,3323
3324,3324
3325,3325
3326,3326
3327,3327
3328,3328
3329,3329
3330,3330
3331,3331
3332,3332
3333,3333
3334,3334
3335,3335
3336,3336
3337,3337
3338,3338
3339,3339
3340,3340
3341,3341
3342,3342
3343,3343
3344,3344
3345,3345
3346,3346
3347,3347
3348,3348
3349,3349
3350,3350
3351,3351
3352,3352
3353,3353
3354,3354
3355,3355
3356,3356
3357,3357
3358,3358
3359,3359
3360,3360
3361,3361
3362,3362
3363,3363
3364,3364
3365,3365
3366,3366
3367,3367
3368,3368
3369,3369
3370,3370
3371,3371
3372,3372
3373,3373
3374,3374
3375,3375
3376,3376
3377,3377
3378,3378
3379,3379
3380,3380
3381,3381
3382,3382
3383,3383
3384,3384
3385,3385
3386,3386
3387,3387
3388,3388
3389,3389
3390,3390
3391,3391
3392,3392
3393,3393
3394,3394
3395,3395
3396,3396
3397,3397
3398,3398
3399,3399
3400,3400
3401,3401
3402,3402
3403,3403
3404,3404
3405,3405
3406,3406
3407,3407
3408,3408
3409,3409
3410,3410
3411,3411
3412,3412
3413,3413
3414,3414
3415,3415
3416,3416
3417,3417
3418,3418
3419,3419
3420,3420
3421,3421
3422,3422
3423,3423
3424,3424
3425,3425
3426,3426
3427,3427
3428,3428
3429,3429
3430,3430
3431,3431
3432,3432
3433,3433
3434,3434
3435,3435
3436,3436
3437,3437
3438,3438
3439,3439
3440,3440
3441,3441
3442,3442
3443,3443
3444,3444
3445,3445
3446,3446
3447,3447
3448,3448
3449,3449
3450,3450
3451,3451
3452,3452
3453,3453
3454,3454
3455,3455
3456,3456
3457,3457
3458,3458
3459,3459
3460,3460
3461,3461
3462,3462
3463,3463
3464,3464
3465,3465
3466,3466
3467,3467
3468,3468
3469,3469
3470,3470
3471,3471
3472,3472
3473,3473
3474,3474
3475,3475
3476,3476
3477,3477
3478,3478
3479,3479
3480,3480
3481,3481
3482,3482
3483,3483
3484,3484
3485,3485
3486,3486
3487,3487
3488,3488
3489,3489
3490,3490
3491,3491
3492,3492
3493,3493
3494,3494
3495,3495
3496,3496
3497,3497
3498,3498
3499,3499
3500,3500
3501,3501
3502,3502
3503,3503
3504,3504
3505,3505
3506,3506
3507,3507
3508,3508
3509,3509
3510,3510
3511,3511
3512,3512
3513,3513
3514,3514
3515,3515
3516,3516
3517,3517
3518,3518
3519,3519
3520,3520
3521,3521
3522,3522
3523,3523
3524,3524
3525,3525
3526,3526
3527,3527
3528,3528
3529,3529
3530,3530
3531,3531
3532,3532
3533,3533
3534,3534
3535,3535
3536,3536
3537,3537
3538,3538
3539,3539
3540,3540
3541,3541
3542,3542
3543,3543
3544,3544
3545,3545
3546,3546
3547,3547
3548,3548
3549,3549
3550,3550
3551,3551
3552,3552
3553,3553
3554,3554
3555,3555
3556,3556
3557,3557
3558,3558
3559,3559
3560,3560
3561,3561
3562,3562
3563,3563
3564,3564
3565,3565
3566,3566
3567,3567
3568,3568
3569,3569
3570,3570
3571,3571
3572,3572
3573,3573
3574,3574
3575,3575
3576,3576
3577,3577
3578,3578
3579,3579
3580,3580
3581,3581
3582,3582
3583,3583
3584,3584
3585,3585
3586,3586
3587,3587
3588,3588
3589,3589
3590,3590
3591,3591
3592,3592
3593,3593
3594,3594
3595,3595
3596,3596
3597,3597
3598,3598
3599,3599
3600,3600
3601,3601
3602,3602
3603,3603
3604,3604
3605,3605
3606,3606
3607,3607
3608,3608
3609,3609
3610,3610
3611,3611
3612,3612
3613,3613
3614,3614
3615,3615
3616,3616
3617,3617
3618,3618
3619,3619
3620,3620
3621,3621
3622,3622
3623,3623
3624,3624
3625,3625
3626,3626
3627,3627
3628,3628
3629,3629
3630,3630
3631,3631
3632,3632
3633,3633
3634,3634
3635,3635
3636,3636
3637,3637
3638,3638
3639,3639
3640,3640
3641,3641
3642,3642
3643,3643
3644,3644
3645,3645
3646,3646
3647,3647
3648,3648
3649,3649
3650,3650
3651,3651
3652,3652
3653,3653
3654,3654
3655,3655
3656,3656
3657,3657
3658,3658
3659,3659
3660,3660
3661,3661
3662,3662
3663,3663
3664,3664
3665,3665
3666,3666
3667,3667
3668,3668
3669,3669
3670,3670
3671,3671
3672,3672
3673,3673
3674,3674
3675,3675
3676,3676
3677,3677
3678,3678
3679,3679
3680,3680
3681,3681
3682,3682
3683,3683
3684,3684
3685,3685
3686,3686
3687,3687
3688,3688
3689,3689
3690,3690
3691,3691
3692,3692
3693,3693
3694,3694
3695,3695
3696,3696
3697,3697
3698,3698
3699,3699
3700,3700
3701,3701
3702,3702
3703,3703
3704,3704
3705,3705
3706,3706
3707,3707
3708,3708
3709,3709
3710,3710
3711,3711
3712,3712
3713,3713
3714,3714
3715,3715
3716,3716
3717,3717
3718,3718
3719,3719
3720,3720
3721,3721
3722,3722
3723,3723
3724,3724
3725,3725
3726,3726
3727,3727
3728,3728
3729,3729
3730,3730
3731,3731
3732,3732
3733,3733
3734,3734
3735,3735
3736,3736
3737,3737
3738,3738
3739,3739
3740,3740
3741,3741
3742,3742
3743,3743
3744,3744
3745,3745
3746,3746
3747,3747
3748,3748
3749,3749
3750,3750
3751,3751
3752,3752
3753,3753
3754,3754
3755,3755
3756,3756
3757,3757
3758,3758
3759,3759
3760,3760
3761,3761
3762,3762
3763,3763
3764,3764
3765,3765
3766,3766
3767,3767
3768,3768
3769,3769
3770,3770
3771,3771
3772,3772
3773,3773
3774,3774
3775,3775
3776,3776
3777,3777
3778,3778
3779,3779
3780,3780
3781,3781
3782,3782
3783,3783
3784,3784
3785,3785
3786,3786
3787,3787
3788,3788
3789,3789
3790,3790
3791,3791
3792,3792
3793,3793
3794,3794
3795,3795
3796,3796
3797,3797
3798,3798
3799,3799
3800,3800
3801,3801
3802,3802
3803,3803
3804,3804
3805,3805
3806,3806
3807,3807
3808,3808
3809,3809
3810,3810
3811,3811
3812,3812
3813,3813
3814,3814
3815,3815
3816,3816
3817,3817
3818,3818
3819,3819
3820,3820
3821,3821
3822,3822
3823,3823
3824,3824
3825,3825
3826,3826
3827,3827
3828,3828
3829,3829
3830,3830
3831,3831
3832,3832
3833,3833
3834,3834
3835,3835
3836,3836
3837,3837
3838,3838
3839,3839
3840,3840
3841,3841
3842,3842
3843,3843
3844,3844
3845,3845
3846,3846
3847,3847
3848,3848
3849,3849
3850,3850
3851,3851
3852,3852
3853,3853
3854,3854
3855,3855
3856,3856
3857,3857
3858,3858
3859,3859
3860,3860
3861,3861
3862,3862
3863,3863
3864,3864
3865,3865
3866,3866
3867,3867
3868,3868
3869,3869
3870,3870
3871,3871
3872,3872
3873,3873
3874,3874
3875,3875
3876,3876
3877,3877
3878,3878
3879,3879
3880,3880
3881,3881
3882,3882
3883,3883
3884,3884
3885,3885
3886,3886
3887,3887
3888,3888
3889,3889
3890,3890
3891,3891
3892,3892
3893,3893
3894,3894
3895,3895
3896,3896
3897,3897
3898,3898
3899,3899
3900,3900
3901,3901
3902,3902
3903,3903
3904,3904
3905,3905
3906,3906
3907,3907
3908,3908
3909,3909
3910,3910
3911,3911
3912,3912
3913,3913
3914,3914
3915,3915
3916,3916
3917,3917
3918,3918
3919,3919
3920,3920
3921,3921
3922,3922
3923,3923
3924,3924
3925,3925
3926,3926
3927,3927
3928,3928
3929,3929
3930,3930
3931,3931
3932,3932
3933,3933
3934,3934
3935,3935
3936,3936
3937,3937
3938,3938
3939,3939
3940,3940
3941,3941
3942,3942
3943,3943
3944,3944
3945,3945
3946,3946
3947,3947
3948,3948
3949,3949
3950,3950
3951,3951
3952,3952
3953,3953
3954,3954
3955,3955
3956,3956
3957,3957
3958,3958
3959,3959
3960,3960
3961,3961
3962,3962
3963,3963
3964,3964
3965,3965
3966,3966
3967,3967
3968,3968
3969,3969
3970,3970
3971,3971
3972,3972
3973,3973
3974,3974
3975,3975
3976,3976
3977,3977
3978,3978
3979,3979
3980,3980
3981,3981
3982,3982
3983,3983
3984,3984
3985,3985
3986,3986
3987,3987
3988,3988
3989,3989
3990,3990
3991,3991
3992,3992
3993,3993
3994,3994
3995,3995
3996,3996
3997,3997
3998,3998
3999,3999
4000,4000
4001,4001
4002,4002
4003,4003
4004,4004
4005,4005
4006,4006
4007,4007
4008,4008
4009,4009
4010,4010
4011,4011
4012,4012
4013,4013
4014,4014
4015,4015
4016,4016
4017,4017
4018,4018
4019,4019
4020,4020
4021,4021
4022,4022
4023,4023
4024,4024
4025,4025
4026,4026
4027,4027
4028,4028
4029,4029
4030,4030
4031,4031
4032,4032
4033,4033
4034,4034
4035,4035
4036,4036
4037,4037
4038,4038
4039,4039
4040,4040
4041,4041
4042,4042
4043,4043
4044,4044
4045,4045
4046,4046
4047,4047
4048,4048
4049,4049
4050,4050
4051,4051
4052,4052
4053,4053
4054,4054
4055,4055
4056,4056
4057,4057
4058,4058
4059,4059
4060,4060
4061,4061
4062,4062
4063,4063
4064,4064
4065,4065
4066,4066
4067,4067
4068,4068
4069,4069
4070,4070
4071,4071
4072,4072
4073,4073
4074,4074
4075,4075
4076,4076
4077,4077
4078,4078
4079,4079
4080,4080
4081,4081
4082,4082
4083,4083
4084,4084
4085,4085
4086,4086
4087,4087
4088,4088
4089,4089
4090,4090
4091,4091
4092,4092
4093,4093
4094,4094
4095,4095
4096,4096
4097,4097
4098,4098
4099,4099
4100,4100
4101,4101
4102,4102
4103,4103
4104,4104
4105,4105
4106,4106
4107,4107
4108,4108
4109,4109
4110,4110
4111,4111
4112,4112
4113,4113
4114,4114
4115,4115
4116,4116
4117,4117
4118,4118
4119,4119
4120,4120
4121,4121
4122,4122
4123,4123
4124,4124
4125,4125
4126,4126
4127,4127
4128,4128
4129,4129
4130,4130
4131,4131
4132,4132
4133,4133
4134,4134
4135,4135
4136,4136
4137,4137
4138,4138
4139,4139
4140,4140
4141,4141
4142,4142
4143,4143
4144,4144
4145,4145
4146,4146
4147,4147
4148,4148
4149,4149
4150,4150
4151,4151
4152,4152
4153,4153
4154,4154
4155,4155
4156,4156
4157,4157
4158,4158
4159,4159
4160,4160
4161,4161
4162,4162
4163,4163
4164,4164
4165,4165
4166,4166
4167,4167
4168,4168
4169,4169
4170,4170
4171,4171
4172,4172
4173,4173
4174,4174
4175,4175
4176,4176
4177,4177
4178,4178
4179,4179
4180,4180
4181,4181
4182,4182
4183,4183
4184,4184
4185,4185
4186,4186
4187,4187
4188,4188
4189,4189
4190,4190
4191,4191
4192,4192
4193,4193
4194,4194
4195,4195
4196,4196
4197,4197
4198,4198
4199,4199
4200,4200
4201,4201
4202,4202
4203,4203
4204,4204
4205,4205
4206,4206
4207,4207
4208,4208
4209,4209
4210,4210
4211,4211
4212,4212
4213,4213
4214,4214
4215,4215
4216,4216
4217,4217
4218,4218
4219,4219
4220,4220
4221,4221
4222,4222
4223,4223
4224,4224
4225,4225
4226,4226
4227,4227
4228,4228
4229,4229
4230,4230
4231,4231
4232,4232
4233,4233
4234,4234
4235,4235
4236,4236
4237,4237
4238,4238
4239,4239
4240,4240
4241,4241
4242,4242
4243,4243
4244,4244
4245,4245
4246,4246
4247,4247
4248,4248
4249,4249
4250,4250
4251,4251
4252,4252
4253,4253
4254,4254
4255,4255
4256,4256
4257,4257
4258,4258
4259,4259
4260,4260
4261,4261
4262,4262
4263,4263
4264,4264
4265,4265
4266,4266
4267,4267
4268,4268
4269,4269
4270,4270
4271,4271
4272,4272
4273,4273
4274,4274
4275,4275
4276,4276
4277,4277
4278,4278
4279,4279
4280,4280
4281,4281
4282,4282
4283,4283
4284,4284
4285,4285
4286,4286
4287,4287
4288,4288
4289,4289
4290,4290
4291,4291
4292,4292
4293,4293
4294,4294
4295,4295
4296,4296
4297,4297
4298,4298
4299,4299
4300,4300
4301,4301
4302,4302
4303,4303
4304,4304
4305,4305
4306,4306
4307,4307
4308,4308
4309,4309
4310,4310
4311,4311
4312,4312
4313,4313
4314,4314
4315,4315
4316,4316
4317,4317
4318,4318
4319,4319
4320,4320
4321,4321
4322,4322
4323,4323
4324,4324
4325,4325
4326,4326
4327,4327
4328,4328
4329,4329
4330,4330
4331,4331
4332,4332
4333,4333
4334,4334
4335,4335
4336,4336
4337,4337
4338,4338
4339,4339
4340,4340
4341,4341
4342,4342
4343,4343
4344,4344
4345,4345
4346,4346
4347,4347
4348,4348
4349,4349
4350,4350
4351,4351
4352,4352
4353,4353
4354,4354
4355,4355
4356,4356
4357,4357
4358,4358
4359,4359
4360,4360
4361,4361
4362,4362
4363,4363
4364,4364
4365,4365
4366,4366
4367,4367
4368,4368
4369,4369
4370,4370
4371,4371
4372,4372
4373,4373
4374,4374
4375,4375
4376,4376
4377,4377
4378,4378
4379,4379
4380,4380
4381,4381
4382,4382
4383,4383
4384,4384
4385,4385
4386,4386
4387,4387
4388,4388
4389,4389
4390,4390
4391,4391
4392,4392
4393,4393
4394,4394
4395,4395
4396,4396
4397,4397
4398,4398
4399,4399
4400,4400
4401,4401
4402,4402
4403,4403
4404,4404
4405,4405
4406,4406
4407,4407
4408,4408
4409,4409
4410,4410
4411,4411
4412,4412
4413,4413
4414,4414
4415,4415
4416,4416
4417,4417
4418,4418
4419,4419
4420,4420
4421,4421
4422,4422
4423,4423
4424,4424
4425,4425
4426,4426
4427,4427
4428,4428
4429,4429
4430,4430
4431,4431
4432,4432
4433,4433
4434,4434
4435,4435
4436,4436
4437,4437
4438,4438
4439,4439
4440,4440
4441,4441
4442,4442
4443,4443
4444,4444
4445,4445
4446,4446
4447,4447
4448,4448
4449,4449
4450,4450
4451,4451
4452,4452
4453,4453
4454,4454
4455,4455
4456,4456
4457,4457
4458,4458
4459,4459
4460,4460
4461,4461
4462,4462
4463,4463
4464,4464
4465,4465
4466,4466
4467,4467
4468,4468
4469,4469
4470,4470
4471,4471
4472,4472
4473,4473
4474,4474
4475,4475
4476,4476
4477,4477
4478,4478
4479,4479
4480,4480
4481,4481
4482,4482
4483,4483
4484,4484
4485,4485
4486,4486
4487,4487
4488,4488
4489,4489
4490,4490
4491,4491
4492,4492
4493,4493
4494,4494
4495,4495
4496,4496
4497,4497
4498,4498
4499,4499
4500,4500
4501,4501
4502,4502
4503,4503
4504,4504
4505,4505
4506,4506
4507,4507
4508,4508
4509,4509
4510,4510
4511,4511
4512,4512
4513,4513
4514,4514
4515,4515
4516,4516
4517,4517
4518,4518
4519,4519
4520,4520
4521,4521
4522,4522
4523,4523
4524,4524
4525,4525
4526,4526
4527,4527
4528,4528
4529,4529
4530,4530
4531,4531
4532,4532
4533,4533
4534,4534
4535,4535
4536,4536
4537,4537
4538,4538
4539,4539
4540,4540
4541,4541
4542,4542
4543,4543
4544,4544
4545,4545
4546,4546
4547,4547
4548,4548
4549,4549
4550,4550
4551,4551
4552,4552
4553,4553
4554,4554
4555,4555
4556,4556
4557,4557
4558,4558
4559,4559
4560,4560
4561,4561
4562,4562
4563,4563
4564,4564
4565,4565
4566,4566
4567,4567
4568,4568
4569,4569
4570,4570
4571,4571
4572,4572
4573,4573
4574,4574
4575,4575
4576,4576
4577,4577
4578,4578
4579,4579
4580,4580
4581,4581
4582,4582
4583,4583
4584,4584
4585,4585
4586,4586
4587,4587
4588,4588
4589,4589
4590,4590
4591,4591
4592,4592
4593,4593
4594,4594
4595,4595
4596,4596
4597,4597
4598,4598
4599,4599
4600,4600
4601,4601
4602,4602
4603,4603
4604,4604
4605,4605
4606,4606
4607,4607
4608,4608
4609,4609
4610,4610
4611,4611
4612,4612
4613,4613
4614,4614
4615,4615
4616,4616
4617,4617
4618,4618
4619,4619
4620,4620
4621,4621
4622,4622
4623,4623
4624,4624
4625,4625
4626,4626
4627,4627
4628,4628
4629,4629
4630,4630
4631,4631
4632,4632
4633,4633
4634,4634
4635,4635
4636,4636
4637,4637
4638,4638
4639,4639
4640,4640
4641,4641
4642,4642
4643,4643
4644,4644
4645,4645
4646,4646
4647,4647
4648,4648
4649,4649
4650,4650
4651,4651
4652,4652
4653,4653
4654,4654
4655,4655
4656,4656
4657,4657
4658,4658
4659,4659
4660,4660
4661,4661
4662,4662
4663,4663
4664,4664
4665,4665
4666,4666
4667,4667
4668,4668
4669,4669
4670,4670
4671,4671
4672,4672
4673,4673
4674,4674
4675,4675
4676,4676
4677,4677
4678,4678
4679,4679
4680,4680
4681,4681
4682,4682
4683,4683
4684,4684
4685,4685
4686,4686
4687,4687
4688,4688
4689,4689
4690,4690
4691,4691
4692,4692
4693,4693
4694,4694
4695,4695
4696,4696
4697,4697
4698,4698
4699,4699
4700,4700
4701,4701
4702,4702
4703,4703
4704,4704
4705,4705
4706,4706
4707,4707
4708,4708
4709,4709
4710,4710
4711,4711
4712,4712
4713,4713
4714,4714
4715,4715
4716,4716
4717,4717
4718,4718
4719,4719
4720,4720
4721,4721
4722,4722
4723,4723
4724,4724
4725,4725
4726,4726
4727,4727
4728,4728
4729,4729
4730,4730
4731,4731
4732,4732
4733,4733
4734,4734
4735,4735
4736,4736
4737,4737
4738,4738
4739,4739
4740,4740
4741,4741
4742,4742
4743,4743
4744,4744
4745,4745
4746,4746
4747,4747
4748,4748
4749,4749
4750,4750
4751,4751
4752,4752
4753,4753
4754,4754
4755,4755
4756,4756
4757,4757
4758,4758
4759,4759
4760,4760
4761,4761
4762,4762
4763,4763
4764,4764
4765,4765
4766,4766
4767,4767
4768,4768
4769,4769
4770,4770
4771,4771
4772,4772
4773,4773
4774,4774
4775,4775
4776,4776
4777,4777
4778,4778
4779,4779
4780,4780
4781,4781
4782,4782
4783,4783
4784,4784
4785,4785
4786,4786
4787,4787
4788,4788
4789,4789
4790,4790
4791,4791
4792,4792
4793,4793
4794,4794
4795,4795
4796,4796
4797,4797
4798,4798
4799,4799
4800,4800
4801,4801
4802,4802
4803,4803
4804,4804
4805,4805
4806,4806
4807,4807
4808,4808
4809,4809
4810,4810
4811,4811
4812,4812
4813,4813
4814,4814
4815,4815
4816,4816
4817,4817
4818,4818
4819,4819
4820,4820
4821,4821
4822,4822
4823,4823
4824,4824
4825,4825
4826,4826
4827,4827
4828,4828
4829,4829
4830,4830
4831,4831
4832,4832
4833,4833
4834,4834
4835,4835
4836,4836
4837,4837
4838,4838
4839,4839
4840,4840
4841,4841
4842,4842
4843,4843
4844,4844
4845,4845
4846,4846
4847,4847
4848,4848
4849,4849
4850,4850
4851,4851
4852,4852
4853,4853
4854,4854
4855,4855
4856,4856
4857,4857
4858,4858
4859,4859
4860,4860
4861,4861
4862,4862
4863,4863
4864,4864
4865,4865
4866,4866
4867,4867
4868,4868
4869,4869
4870,4870
4871,4871
4872,4872
4873,4873
4874,4874
4875,4875
4876,4876
4877,4877
4878,4878
4879,4879
4880,4880
4881,4881
4882,4882
4883,4883
4884,4884
4885,4885
4886,4886
4887,4887
4888,4888
4889,4889
4890,4890
4891,4891
4892,4892
4893,4893
4894,4894
4895,4895
4896,4896
4897,4897
4898,4898
4899,4899
4900,4900
4901,4901
4902,4902
4903,4903
4904,4904
4905,4905
4906,4906
4907,4907
4908,4908
4909,4909
4910,4910
4911,4911
4912,4912
4913,4913
4914,4914
4915,4915
4916,4916
4917,4917
4918,4918
4919,4919
4920,4920
4921,4921
4922,4922
4923,4923
4924,4924
4925,4925
4926,4926
4927,4927
4928,4928
4929,4929
4930,4930
4931,4931
4932,4932
4933,4933
4934,4934
4935,4935
4936,4936
4937,4937
4938,4938
4939,4939
4940,4940
4941,4941
4942,4942
4943,4943
4944,4944
4945,4945
4946,4946
4947,4947
4948,4948
4949,4949
4950,4950
4951,4951
4952,4952
4953,4953
4954,4954
4955,4955
4956,4956
4957,4957
4958,4958
4959,4959
4960,4960
4961,4961
4962,4962
4963,4963
4964,4964
4965,4965
4966,4966
4967,4967
4968,4968
4969,4969
4970,4970
4971,4971
4972,4972
4973,4973
4974,4974
4975,4975
4976,4976
4977,4977
4978,4978
4979,4979
4980,4980
4981,4981
4982,4982
4983,4983
4984,4984
4985,4985
4986,4986
4987,4987
4988,4988
4989,4989
4990,4990
4991,4991
4992,4992
4993,4993
4994,4994
4995,4995
4996,4996
4997,4997
4998,4998
4999,4999
5000,a
5001,b
5002,0
5003,1
5004,2
5005,3
5006,4
5007,5
5008,6
5009,7
5010,8
5011,9
5012,10
5013,11
5014,12
5015,13
5016,14
5017,15
5018,16
5019,17
5020,18
5021,19
5022,20
5023,21
5024,22
5025,23
5026,24
5027,25
5028,26
5029,27
5030,28
5031,29
5032,30
5033,31
5034,32
5035,33
5036,34
5037,35
5038,36
5039,37
5040,38
5041,39
5042,40
5043,41
5044,42
5045,43
5046,44
5047,45
5048,46
5049,47
5050,48
5051,49
5052,50
5053,51
5054,52
5055,53
5056,54
5057,55
5058,56
5059,57
5060,58
5061,59
5062,60
5063,61
5064,62
5065,63
5066,64
5067,65
5068,66
5069,67
5070,68
5071,69
5072,70
5073,71
5074,72
5075,73
5076,74
5077,75
5078,76
5079,77
5080,78
5081,79
5082,80
5083,81
5084,82
5085,83
5086,84
5087,85
5088,86
5089,87
5090,88
5091,89
5092,90
5093,91
5094,92
5095,93
5096,94
5097,95
5098,96
5099,97
5100,98
5101,99
5102,100
5103,101
5104,102
5105,103
5106,104
5107,105
5108,106
5109,107
5110,108
5111,109
5112,110
5113,111
5114,112
5115,113
5116,114
5117,115
5118,116
5119,117
5120,118
5121,119
5122,120
5123,121
5124,122
5125,123
5126,124
5127,125
5128,126
5129,127
5130,128
5131,129
5132,130
5133,131
5134,132
5135,133
5136,134
5137,135
5138,136
5139,137
5140,138
5141,139
5142,140
5143,141
5144,142
5145,143
5146,144
5147,145
5148,146
5149,147
5150,148
5151,149
5152,150
5153,151
5154,152
5155,153
5156,154
5157,155
5158,156
5159,157
5160,158
5161,159
5162,160
5163,161
5164,162
5165,163
5166,164
5167,165
5168,166
5169,167
5170,168
5171,169
5172,170
5173,171
5174,172
5175,173
5176,174
5177,175
5178,176
5179,177
5180,178
5181,179
5182,180
5183,181
5184,182
5185,183
5186,184
5187,185
5188,186
5189,187
5190,188
5191,189
5192,190
5193,191
5194,192
5195,193
5196,194
5197,195
5198,196
5199,197
5200,198
5201,199
5202,200
5203,201
5204,202
5205,203
5206,204
5207,205
5208,206
5209,207
5210,208
5211,209
5212,210
5213,211
5214,212
5215,213
5216,214
5217,215
5218,216
5219,217
5220,218
5221,219
5222,220
5223,221
5224,222
5225,223
5226,224
5227,225
5228,226
5229,227
5230,228
5231,229
5232,230
5233,231
5234,232
5235,233
5236,234
5237,235
5238,236
5239,237
5240,238
5241,239
5242,240
5243,241
5244,242
5245,243
5246,244
5247,245
5248,246
5249,247
5250,248
5251,249
5252,250
5253,251
5254,252
5255,253
5256,254
5257,255
5258,256
5259,257
5260,258
5261,259
5262,260
5263,261
5264,262
5265,263
5266,264
5267,265
5268,266
5269,267
5270,268
5271,269
5272,270
5273,271
5274,272
5275,273
5276,274
5277,275
5278,276
5279,277
5280,278
5281,279
5282,280
5283,281
5284,282
5285,283
5286,284
5287,285
5288,286
5289,287
5290,288
5291,289
5292,290
5293,291
5294,292
5295,293
5296,294
5297,295
5298,296
5299,297
5300,298
5301,299
5302,300
5303,301
5304,302
5305,303
5306,304
5307,305
5308,306
5309,307
5310,308
5311,309
5312,310
5313,311
5314,312
5315,313
5316,314
5317,315
5318,316
5319,317
5320,318
5321,319
5322,320
5323,321
5324,322
5325,323
5326,324
5327,325
5328,326
5329,327
5330,328
5331,329
5332,330
5333,331
5334,332
5335,333
5336,334
5337,335
5338,336
5339,337
5340,338
5341,339
5342,340
5343,341
5344,342
5345,343
5346,344
5347,345
5348,346
5349,347
5350,348
5351,349
5352,350
5353,351
5354,352
5355,353
5356,354
5357,355
5358,356
5359,357
5360,358
5361,359
5362,360
5363,361
5364,362
5365,363
5366,364
5367,365
5368,366
5369,367
5370,368
5371,369
5372,370
5373,371
5374,372
5375,373
5376,374
5377,375
5378,376
5379,377
5380,378
5381,379
5382,380
5383,381
5384,382
5385,383
5386,384
5387,385
5388,386
5389,387
5390,388
5391,389
5392,390
5393,391
5394,392
5395,393
5396,394
5397,395
5398,396
5399,397
5400,398
5401,399
5402,400
5403,401
5404,402
5405,403
5406,404
5407,405
5408,406
5409,407
5410,408
5411,409
5412,410
5413,411
5414,412
5415,413
5416,414
5417,415
5418,416
5419,417
5420,418
5421,419
5422,420
5423,421
5424,422
5425,423
5426,424
5427,425
5428,426
5429,427
5430,428
5431,429
5432,430
5433,431
5434,432
5435,433
5436,434
5437,435
5438,436
5439,437
5440,438
5441,439
5442,440
5443,441
5444,442
5445,443
5446,444
5447,445
5448,446
5449,447
5450,448
5451,449
5452,450
5453,451
5454,452
5455,453
5456,454
5457,455
5458,456
5459,457
5460,458
5461,459
5462,460
5463,461
5464,462
5465,463
5466,464
5467,465
5468,466
5469,467
5470,468
5471,469
5472,470
5473,471
5474,472
5475,473
5476,474
5477,475
5478,476
5479,477
5480,478
5481,479
5482,480
5483,481
5484,482
5485,483
5486,484
5487,485
5488,486
5489,487
5490,488
5491,489
5492,490
5493,491
5494,492
5495,493
5496,494
5497,495
5498,496
5499,497
5500,498
5501,499
5502,500
5503,501
5504,502
5505,503
5506,504
5507,505
5508,506
5509,507
5510,508
5511,509
5512,510
5513,511
5514,512
5515,513
5516,514
5517,515
5518,516
5519,517
5520,518
5521,519
5522,520
5523,521
5524,522
5525,523
5526,524
5527,525
5528,526
5529,527
5530,528
5531,529
5532,530
5533,531
5534,532
5535,533
5536,534
5537,535
5538,536
5539,537
5540,538
5541,539
5542,540
5543,541
5544,542
5545,543
5546,544
5547,545
5548,546
5549,547
5550,548
5551,549
5552,550
5553,551
5554,552
5555,553
5556,554
5557,555
5558,556
5559,557
5560,558
5561,559
5562,560
5563,561
5564,562
5565,563
5566,564
5567,565
5568,566
5569,567
5570,568
5571,569
5572,570
5573,571
5574,572
5575,573
5576,574
5577,575
5578,576
5579,577
5580,578
5581,579
5582,580
5583,581
5584,582
5585,583
5586,584
5587,585
5588,586
5589,587
5590,588
5591,589
5592,590
5593,591
5594,592
5595,593
5596,594
5597,595
5598,596
5599,597
5600,598
5601,599
5602,600
5603,601
5604,602
5605,603
5606,604
5607,605
5608,606
5609,607
5610,608
5611,609
5612,610
5613,611
5614,612
5615,613
5616,614
5617,615
5618,616
5619,617
5620,618
5621,619
5622,620
5623,621
5624,622
5625,623
5626,624
5627,625
5628,626
5629,627
5630,628
5631,629
5632,630
5633,631
5634,632
5635,633
5636,634
5637,635
5638,636
5639,637
5640,638
5641,639
5642,640
5643,641
5644,642
5645,643
5646,644
5647,645
5648,646
5649,647
5650,648
5651,649
5652,650
5653,651
5654,652
5655,653
5656,654
5657,655
5658,656
5659,657
5660,658
5661,659
5662,660
5663,661
5664,662
5665,663
5666,664
5667,665
5668,666
5669,667
5670,668
5671,669
5672,670
5673,671
5674,672
5675,673
5676,674
5677,675
5678,676
5679,677
5680,678
5681,679
5682,680
5683,681
5684,682
5685,683
5686,684
5687,685
5688,686
5689,687
5690,688
5691,689
5692,690
5693,691
5694,692
5695,693
5696,694
5697,695
5698,696
5699,697
5700,698
5701,699
5702,700
5703,701
5704,702
5705,703
5706,704
5707,705
5708,706
5709,707
5710,708
5711,709
5712,710
5713,711
5714,712
5715,713
5716,714
5717,715
5718,716
5719,717
5720,718
5721,719
5722,720
5723,721
5724,722
5725,723
5726,724
5727,725
5728,726
5729,727
5730,728
5731,729
5732,730
5733,731
5734,732
5735,733
5736,734
5737,735
5738,736
5739,737
5740,738
5741,739
5742,740
5743,741
5744,742
5745,743
5746,744
5747,745
5748,746
5749,747
5750,748
5751,749
5752,750
5753,751
5754,752
5755,753
5756,754
5757,755
5758,756
5759,757
5760,758
5761,759
5762,760
5763,761
5764,762
5765,763
5766,764
5767,765
5768,766
5769,767
5770,768
5771,769
5772,770
5773,771
5774,772
5775,773
5776,774
5777,775
5778,776
5779,777
5780,778
5781,779
5782,780
5783,781
5784,782
5785,783
5786,784
5787,785
5788,786
5789,787
5790,788
5791,789
5792,790
5793,791
5794,792
5795,793
5796,794
5797,795
5798,796
5799,797
5800,798
5801,799
5802,800
5803,801
5804,802
5805,803
5806,804
5807,805
5808,806
5809,807
5810,808
5811,809
5812,810
5813,811
5814,812
5815,813
5816,814
5817,815
5818,816
5819,817
5820,818
5821,819
5822,820
5823,821
5824,822
5825,823
5826,824
5827,825
5828,826
5829,827
5830,828
5831,829
5832,830
5833,831
5834,832
5835,833
5836,834
5837,835
5838,836
5839,837
5840,838
5841,839
5842,840
5843,841
5844,842
5845,843
5846,844
5847,845
5848,846
5849,847
5850,848
5851,849
5852,850
5853,851
5854,852
5855,853
5856,854
5857,855
5858,856
5859,857
5860,858
5861,859
5862,860
5863,861
5864,862
5865,863
5866,864
5867,865
5868,866
5869,867
5870,868
5871,869
5872,870
5873,871
5874,872
5875,873
5876,874
5877,875
5878,876
5879,877
5880,878
5881,879
5882,880
5883,881
5884,882
5885,883
5886,884
5887,885
5888,886
5889,887
5890,888
5891,889
5892,890
5893,891
5894,892
5895,893
5896,894
5897,895
5898,896
5899,897
5900,898
5901,899
5902,900
5903,901
5904,902
5905,903
5906,904
5907,905
5908,906
5909,907
5910,908
5911,909
5912,910
5913,911
5914,912
5915,913
5916,914
5917,915
5918,916
5919,917
5920,918
5921,919
5922,920
5923,921
5924,922
5925,923
5926,924
5927,925
5928,926
5929,927
5930,928
5931,929
5932,930
5933,931
5934,932
5935,933
5936,934
5937,935
5938,936
5939,937
5940,938
5941,939
5942,940
5943,941
5944,942
5945,943
5946,944
5947,945
5948,946
5949,947
5950,948
5951,949
5952,950
5953,951
5954,952
5955,953
5956,954
5957,955
5958,956
5959,957
5960,958
5961,959
5962,960
5963,961
5964,962
5965,963
5966,964
5967,965
5968,966
5969,967
5970,968
5971,969
5972,970
5973,971
5974,972
5975,973
5976,974
5977,975
5978,976
5979,977
5980,978
5981,979
5982,980
5983,981
5984,982
5985,983
5986,984
5987,985
5988,986
5989,987
5990,988
5991,989
5992,990
5993,991
5994,992
5995,993
5996,994
5997,995
5998,996
5999,997
6000,998
6001,999
6002,1000
6003,1001
6004,1002
6005,1003
6006,1004
6007,1005
6008,1006
6009,1007
6010,1008
6011,1009
6012,1010
6013,1011
6014,1012
6015,1013
6016,1014
6017,1015
6018,1016
6019,1017
6020,1018
6021,1019
6022,1020
6023,1021
6024,1022
6025,1023
6026,1024
6027,1025
6028,1026
6029,1027
6030,1028
6031,1029
6032,1030
6033,1031
6034,1032
6035,1033
6036,1034
6037,1035
6038,1036
6039,1037
6040,1038
6041,1039
6042,1040
6043,1041
6044,1042
6045,1043
6046,1044
6047,1045
6048,1046
6049,1047
6050,1048
6051,1049
6052,1050
6053,1051
6054,1052
6055,1053
6056,1054
6057,1055
6058,1056
6059,1057
6060,1058
6061,1059
6062,1060
6063,1061
6064,1062
6065,1063
6066,1064
6067,1065
6068,1066
6069,1067
6070,1068
6071,1069
6072,1070
6073,1071
6074,1072
6075,1073
6076,1074
6077,1075
6078,1076
6079,1077
6080,1078
6081,1079
6082,1080
6083,1081
6084,1082
6085,1083
6086,1084
6087,1085
6088,1086
6089,1087
6090,1088
6091,1089
6092,1090
6093,1091
6094,1092
6095,1093
6096,1094
6097,1095
6098,1096
6099,1097
6100,1098
6101,1099
6102,1100
6103,1101
6104,1102
6105,1103
6106,1104
6107,1105
6108,1106
6109,1107
6110,1108
6111,1109
6112,1110
6113,1111
6114,1112
6115,1113
6116,1114
6117,1115
6118,1116
6119,1117
6120,1118
6121,1119
6122,1120
6123,1121
6124,1122
6125,1123
6126,1124
6127,1125
6128,1126
6129,1127
6130,1128
6131,1129
6132,1130
6133,1131
6134,1132
6135,1133
6136,1134
6137,1135
6138,1136
6139,1137
6140,1138
6141,1139
6142,1140
6143,1141
6144,1142
6145,1143
6146,1144
6147,1145
6148,1146
6149,1147
6150,1148
6151,1149
6152,1150
6153,1151
6154,1152
6155,1153
6156,1154
6157,1155
6158,1156
6159,1157
6160,1158
6161,1159
6162,1160
6163,1161
6164,1162
6165,1163
6166,1164
6167,1165
6168,1166
6169,1167
6170,1168
6171,1169
6172,1170
6173,1171
6174,1172
6175,1173
6176,1174
6177,1175
6178,1176
6179,1177
6180,1178
6181,1179
6182,1180
6183,1181
6184,1182
6185,1183
6186,1184
6187,1185
6188,1186
6189,1187
6190,1188
6191,1189
6192,1190
6193,1191
6194,1192
6195,1193
6196,1194
6197,1195
6198,1196
6199,1197
6200,1198
6201,1199
6202,1200
6203,1201
6204,1202
6205,1203
6206,1204
6207,1205
6208,1206
6209,1207
6210,1208
6211,1209
6212,1210
6213,1211
6214,1212
6215,1213
6216,1214
6217,1215
6218,1216
6219,1217
6220,1218
6221,1219
6222,1220
6223,1221
6224,1222
6225,1223
6226,1224
6227,1225
6228,1226
6229,1227
6230,1228
6231,1229
6232,1230
6233,1231
6234,1232
6235,1233
6236,1234
6237,1235
6238,1236
6239,1237
6240,1238
6241,1239
6242,1240
6243,1241
6244,1242
6245,1243
6246,1244
6247,1245
6248,1246
6249,1247
6250,1248
6251,1249
6252,1250
6253,1251
6254,1252
6255,1253
6256,1254
6257,1255
6258,1256
6259,1257
6260,1258
6261,1259
6262,1260
6263,1261
6264,1262
6265,1263
6266,1264
6267,1265
6268,1266
6269,1267
6270,1268
6271,1269
6272,1270
6273,1271
6274,1272
6275,1273
6276,1274
6277,1275
6278,1276
6279,1277
6280,1278
6281,1279
6282,1280
6283,1281
6284,1282
6285,1283
6286,1284
6287,1285
6288,1286
6289,1287
6290,1288
6291,1289
6292,1290
6293,1291
6294,1292
6295,1293
6296,1294
6297,1295
6298,1296
6299,1297
6300,1298
6301,1299
6302,1300
6303,1301
6304,1302
6305,1303
6306,1304
6307,1305
6308,1306
6309,1307
6310,1308
6311,1309
6312,1310
6313,1311
6314,1312
6315,1313
6316,1314
6317,1315
6318,1316
6319,1317
6320,1318
6321,1319
6322,1320
6323,1321
6324,1322
6325,1323
6326,1324
6327,1325
6328,1326
6329,1327
6330,1328
6331,1329
6332,1330
6333,1331
6334,1332
6335,1333
6336,1334
6337,1335
6338,1336
6339,1337
6340,1338
6341,1339
6342,1340
6343,1341
6344,1342
6345,1343
6346,1344
6347,1345
6348,1346
6349,1347
6350,1348
6351,1349
6352,1350
6353,1351
6354,1352
6355,1353
6356,1354
6357,1355
6358,1356
6359,1357
6360,1358
6361,1359
6362,1360
6363,1361
6364,1362
6365,1363
6366,1364
6367,1365
6368,1366
6369,1367
6370,1368
6371,1369
6372,1370
6373,1371
6374,1372
6375,1373
6376,1374
6377,1375
6378,1376
6379,1377
6380,1378
6381,1379
6382,1380
6383,1381
6384,1382
6385,1383
6386,1384
6387,1385
6388,1386
6389,1387
6390,1388
6391,1389
6392,1390
6393,1391
6394,1392
6395,1393
6396,1394
6397,1395
6398,1396
6399,1397
6400,1398
6401,1399
6402,1400
6403,1401
6404,1402
6405,1403
6406,1404
6407,1405
6408,1406
6409,1407
6410,1408
6411,1409
6412,1410
6413,1411
6414,1412
6415,1413
6416,1414
6417,1415
6418,1416
6419,1417
6420,1418
6421,1419
6422,1420
6423,1421
6424,1422
6425,1423
6426,1424
6427,1425
6428,1426
6429,1427
6430,1428
6431,1429
6432,1430
6433,1431
6434,1432
6435,1433
6436,1434
6437,1435
6438,1436
6439,1437
6440,1438
6441,1439
6442,1440
6443,1441
6444,1442
6445,1443
6446,1444
6447,1445
6448,1446
6449,1447
6450,1448
6451,1449
6452,1450
6453,1451
6454,1452
6455,1453
6456,1454
6457,1455
6458,1456
6459,1457
6460,1458
6461,1459
6462,1460
6463,1461
6464,1462
6465,1463
6466,1464
6467,1465
6468,1466
6469,1467
6470,1468
6471,1469
6472,1470
6473,1471
6474,1472
6475,1473
6476,1474
6477,1475
6478,1476
6479,1477
6480,1478
6481,1479
6482,1480
6483,1481
6484,1482
6485,1483
6486,1484
6487,1485
6488,1486
6489,1487
6490,1488
6491,1489
6492,1490
6493,1491
6494,1492
6495,1493
6496,1494
6497,1495
6498,1496
6499,1497
6500,1498
6501,1499
6502,1500
6503,1501
6504,1502
6505,1503
6506,1504
6507,1505
6508,1506
6509,1507
6510,1508
6511,1509
6512,1510
6513,1511
6514,1512
6515,1513
6516,1514
6517,1515
6518,1516
6519,1517
6520,1518
6521,1519
6522,1520
6523,1521
6524,1522
6525,1523
6526,1524
6527,1525
6528,1526
6529,1527
6530,1528
6531,1529
6532,1530
6533,1531
6534,1532
6535,1533
6536,1534
6537,1535
6538,1536
6539,1537
6540,1538
6541,1539
6542,1540
6543,1541
6544,1542
6545,1543
6546,1544
6547,1545
6548,1546
6549,1547
6550,1548
6551,1549
6552,1550
6553,1551
6554,1552
6555,1553
6556,1554
6557,1555
6558,1556
6559,1557
6560,1558
6561,1559
6562,1560
6563,1561
6564,1562
6565,1563
6566,1564
6567,1565
6568,1566
6569,1567
6570,1568
6571,1569
6572,1570
6573,1571
6574,1572
6575,1573
6576,1574
6577,1575
6578,1576
6579,1577
6580,1578
6581,1579
6582,1580
6583,1581
6584,1582
6585,1583
6586,1584
6587,1585
6588,1586
6589,1587
6590,1588
6591,1589
6592,1590
6593,1591
6594,1592
6595,1593
6596,1594
6597,1595
6598,1596
6599,1597
6600,1598
6601,1599
6602,1600
6603,1601
6604,1602
6605,1603
6606,1604
6607,1605
6608,1606
6609,1607
6610,1608
6611,1609
6612,1610
6613,1611
6614,1612
6615,1613
6616,1614
6617,1615
6618,1616
6619,1617
6620,1618
6621,1619
6622,1620
6623,1621
6624,1622
6625,1623
6626,1624
6627,1625
6628,1626
6629,1627
6630,1628
6631,1629
6632,1630
6633,1631
6634,1632
6635,1633
6636,1634
6637,1635
6638,1636
6639,1637
6640,1638
6641,1639
6642,1640
6643,1641
6644,1642
6645,1643
6646,1644
6647,1645
6648,1646
6649,1647
6650,1648
6651,1649
6652,1650
6653,1651
6654,1652
6655,1653
6656,1654
6657,1655
6658,1656
6659,1657
6660,1658
6661,1659
6662,1660
6663,1661
6664,1662
6665,1663
6666,1664
6667,1665
6668,1666
6669,1667
6670,1668
6671,1669
6672,1670
6673,1671
6674,1672
6675,1673
6676,1674
6677,1675
6678,1676
6679,1677
6680,1678
6681,1679
6682,1680
6683,1681
6684,1682
6685,1683
6686,1684
6687,1685
6688,1686
6689,1687
6690,1688
6691,1689
6692,1690
6693,1691
6694,1692
6695,1693
6696,1694
6697,1695
6698,1696
6699,1697
6700,1698
6701,1699
6702,1700
6703,1701
6704,1702
6705,1703
6706,1704
6707,1705
6708,1706
6709,1707
6710,1708
6711,1709
6712,1710
6713,1711
6714,1712
6715,1713
6716,1714
6717,1715
6718,1716
6719,1717
6720,1718
6721,1719
6722,1720
6723,1721
6724,1722
6725,1723
6726,1724
6727,1725
6728,1726
6729,1727
6730,1728
6731,1729
6732,1730
6733,1731
6734,1732
6735,1733
6736,1734
6737,1735
6738,1736
6739,1737
6740,1738
6741,1739
6742,1740
6743,1741
6744,1742
6745,1743
6746,1744
6747,1745
6748,1746
6749,1747
6750,1748
6751,1749
6752,1750
6753,1751
6754,1752
6755,1753
6756,1754
6757,1755
6758,1756
6759,1757
6760,1758
6761,1759
6762,1760
6763,1761
6764,1762
6765,1763
6766,1764
6767,1765
6768,1766
6769,1767
6770,1768
6771,1769
6772,1770
6773,1771
6774,1772
6775,1773
6776,1774
6777,1775
6778,1776
6779,1777
6780,1778
6781,1779
6782,1780
6783,1781
6784,1782
6785,1783
6786,1784
6787,1785
6788,1786
6789,1787
6790,1788
6791,1789
6792,1790
6793,1791
6794,1792
6795,1793
6796,1794
6797,1795
6798,1796
6799,1797
6800,1798
6801,1799
6802,1800
6803,1801
6804,1802
6805,1803
6806,1804
6807,1805
6808,1806
6809,1807
6810,1808
6811,1809
6812,1810
6813,1811
6814,1812
6815,1813
6816,1814
6817,1815
6818,1816
6819,1817
6820,1818
6821,1819
6822,1820
6823,1821
6824,1822
6825,1823
6826,1824
6827,1825
6828,1826
6829,1827
6830,1828
6831,1829
6832,1830
6833,1831
6834,1832
6835,1833
6836,1834
6837,1835
6838,1836
6839,1837
6840,1838
6841,1839
6842,1840
6843,1841
6844,1842
6845,1843
6846,1844
6847,1845
6848,1846
6849,1847
6850,1848
6851,1849
6852,1850
6853,1851
6854,1852
6855,1853
6856,1854
6857,1855
6858,1856
6859,1857
6860,1858
6861,1859
6862,1860
6863,1861
6864,1862
6865,1863
6866,1864
6867,1865
6868,1866
6869,1867
6870,1868
6871,1869
6872,1870
6873,1871
6874,1872
6875,1873
6876,1874
6877,1875
6878,1876
6879,1877
6880,1878
6881,1879
6882,1880
6883,1881
6884,1882
6885,1883
6886,1884
6887,1885
6888,1886
6889,1887
6890,1888
6891,1889
6892,1890
6893,1891
6894,1892
6895,1893
6896,1894
6897,1895
6898,1896
6899,1897
6900,1898
6901,1899
6902,1900
6903,1901
6904,1902
6905,1903
6906,1904
6907,1905
6908,1906
6909,1907
6910,1908
6911,1909
6912,1910
6913,1911
6914,1912
6915,1913
6916,1914
6917,1915
6918,1916
6919,1917
6920,1918
6921,1919
6922,1920
6923,1921
6924,1922
6925,1923
6926,1924
6927,1925
6928,1926
6929,1927
6930,1928
6931,1929
6932,1930
6933,1931
6934,1932
6935,1933
6936,1934
6937,1935
6938,1936
6939,1937
6940,1938
6941,1939
6942,1940
6943,1941
6944,1942
6945,1943
6946,1944
6947,1945
6948,1946
6949,1947
6950,1948
6951,1949
6952,1950
6953,1951
6954,1952
6955,1953
6956,1954
6957,1955
6958,1956
6959,1957
6960,1958
6961,1959
6962,1960
6963,1961
6964,1962
6965,1963
6966,1964
6967,1965
6968,1966
6969,1967
6970,1968
6971,1969
6972,1970
6973,1971
6974,1972
6975,1973
6976,1974
6977,1975
6978,1976
6979,1977
6980,1978
6981,1979
6982,1980
6983,1981
6984,1982
6985,1983
6986,1984
6987,1985
6988,1986
6989,1987
6990,1988
6991,1989
6992,1990
6993,1991
6994,1992
6995,1993
6996,1994
6997,1995
6998,1996
6999,1997
7000,1998
7001,1999
7002,2000
7003,2001
7004,2002
7005,2003
7006,2004
7007,2005
7008,2006
7009,2007
7010,2008
7011,2009
7012,2010
7013,2011
7014,2012
7015,2013
7016,2014
7017,2015
7018,2016
7019,2017
7020,2018
7021,2019
7022,2020
7023,2021
7024,2022
7025,2023
7026,2024
7027,2025
7028,2026
7029,2027
7030,2028
7031,2029
7032,2030
7033,2031
7034,2032
7035,2033
7036,2034
7037,2035
7038,2036
7039,2037
7040,2038
7041,2039
7042,2040
7043,2041
7044,2042
7045,2043
7046,2044
7047,2045
7048,2046
7049,2047
7050,2048
7051,2049
7052,2050
7053,2051
7054,2052
7055,2053
7056,2054
7057,2055
7058,2056
7059,2057
7060,2058
7061,2059
7062,2060
7063,2061
7064,2062
7065,2063
7066,2064
7067,2065
7068,2066
7069,2067
7070,2068
7071,2069
7072,2070
7073,2071
7074,2072
7075,2073
7076,2074
7077,2075
7078,2076
7079,2077
7080,2078
7081,2079
7082,2080
7083,2081
7084,2082
7085,2083
7086,2084
7087,2085
7088,2086
7089,2087
7090,2088
7091,2089
7092,2090
7093,2091
7094,2092
7095,2093
7096,2094
7097,2095
7098,2096
7099,2097
7100,2098
7101,2099
7102,2100
7103,2101
7104,2102
7105,2103
7106,2104
7107,2105
7108,2106
7109,2107
7110,2108
7111,2109
7112,2110
7113,2111
7114,2112
7115,2113
7116,2114
7117,2115
7118,2116
7119,2117
7120,2118
7121,2119
7122,2120
7123,2121
7124,2122
7125,2123
7126,2124
7127,2125
7128,2126
7129,2127
7130,2128
7131,2129
7132,2130
7133,2131
7134,2132
7135,2133
7136,2134
7137,2135
7138,2136
7139,2137
7140,2138
7141,2139
7142,2140
7143,2141
7144,2142
7145,2143
7146,2144
7147,2145
7148,2146
7149,2147
7150,2148
7151,2149
7152,2150
7153,2151
7154,2152
7155,2153
7156,2154
7157,2155
7158,2156
7159,2157
7160,2158
7161,2159
7162,2160
7163,2161
7164,2162
7165,2163
7166,2164
7167,2165
7168,2166
7169,2167
7170,2168
7171,2169
7172,2170
7173,2171
7174,2172
7175,2173
7176,2174
7177,2175
7178,2176
7179,2177
7180,2178
7181,2179
7182,2180
7183,2181
7184,2182
7185,2183
7186,2184
7187,2185
7188,2186
7189,2187
7190,2188
7191,2189
7192,2190
7193,2191
7194,2192
7195,2193
7196,2194
7197,2195
7198,2196
7199,2197
7200,2198
7201,2199
7202,2200
7203,2201
7204,2202
7205,2203
7206,2204
7207,2205
7208,2206
7209,2207
7210,2208
7211,2209
7212,2210
7213,2211
7214,2212
7215,2213
7216,2214
7217,2215
7218,2216
7219,2217
7220,2218
7221,2219
7222,2220
7223,2221
7224,2222
7225,2223
7226,2224
7227,2225
7228,2226
7229,2227
7230,2228
7231,2229
7232,2230
7233,2231
7234,2232
7235,2233
7236,2234
7237,2235
7238,2236
7239,2237
7240,2238
7241,2239
7242,2240
7243,2241
7244,2242
7245,2243
7246,2244
7247,2245
7248,2246
7249,2247
7250,2248
7251,2249
7252,2250
7253,2251
7254,2252
7255,2253
7256,2254
7257,2255
7258,2256
7259,2257
7260,2258
7261,2259
7262,2260
7263,2261
7264,2262
7265,2263
7266,2264
7267,2265
7268,2266
7269,2267
7270,2268
7271,2269
7272,2270
7273,2271
7274,2272
7275,2273
7276,2274
7277,2275
7278,2276
7279,2277
7280,2278
7281,2279
7282,2280
7283,2281
7284,2282
7285,2283
7286,2284
7287,2285
7288,2286
7289,2287
7290,2288
7291,2289
7292,2290
7293,2291
7294,2292
7295,2293
7296,2294
7297,2295
7298,2296
7299,2297
7300,2298
7301,2299
7302,2300
7303,2301
7304,2302
7305,2303
7306,2304
7307,2305
7308,2306
7309,2307
7310,2308
7311,2309
7312,2310
7313,2311
7314,2312
7315,2313
7316,2314
7317,2315
7318,2316
7319,2317
7320,2318
7321,2319
7322,2320
7323,2321
7324,2322
7325,2323
7326,2324
7327,2325
7328,2326
7329,2327
7330,2328
7331,2329
7332,2330
7333,2331
7334,2332
7335,2333
7336,2334
7337,2335
7338,2336
7339,2337
7340,2338
7341,2339
7342,2340
7343,2341
7344,2342
7345,2343
7346,2344
7347,2345
7348,2346
7349,2347
7350,2348
7351,2349
7352,2350
7353,2351
7354,2352
7355,2353
7356,2354
7357,2355
7358,2356
7359,2357
7360,2358
7361,2359
7362,2360
7363,2361
7364,2362
7365,2363
7366,2364
7367,2365
7368,2366
7369,2367
7370,2368
7371,2369
7372,2370
7373,2371
7374,2372
7375,2373
7376,2374
7377,2375
7378,2376
7379,2377
7380,2378
7381,2379
7382,2380
7383,2381
7384,2382
7385,2383
7386,2384
7387,2385
7388,2386
7389,2387
7390,2388
7391,2389
7392,2390
7393,2391
7394,2392
7395,2393
7396,2394
7397,2395
7398,2396
7399,2397
7400,2398
7401,2399
7402,2400
7403,2401
7404,2402
7405,2403
7406,2404
7407,2405
7408,2406
7409,2407
7410,2408
7411,2409
7412,2410
7413,2411
7414,2412
7415,2413
7416,2414
7417,2415
7418,2416
7419,2417
7420,2418
7421,2419
7422,2420
7423,2421
7424,2422
7425,2423
7426,2424
7427,2425
7428,2426
7429,2427
7430,2428
7431,2429
7432,2430
7433,2431
7434,2432
7435,2433
7436,2434
7437,2435
7438,2436
7439,2437
7440,2438
7441,2439
7442,2440
7443,2441
7444,2442
7445,2443
7446,2444
7447,2445
7448,2446
7449,2447
7450,2448
7451,2449
7452,2450
7453,2451
7454,2452
7455,2453
7456,2454
7457,2455
7458,2456
7459,2457
7460,2458
7461,2459
7462,2460
7463,2461
7464,2462
7465,2463
7466,2464
7467,2465
7468,2466
7469,2467
7470,2468
7471,2469
7472,2470
7473,2471
7474,2472
7475,2473
7476,2474
7477,2475
7478,2476
7479,2477
7480,2478
7481,2479
7482,2480
7483,2481
7484,2482
7485,2483
7486,2484
7487,2485
7488,2486
7489,2487
7490,2488
7491,2489
7492,2490
7493,2491
7494,2492
7495,2493
7496,2494
7497,2495
7498,2496
7499,2497
7500,2498
7501,2499
7502,2500
7503,2501
7504,2502
7505,2503
7506,2504
7507,2505
7508,2506
7509,2507
7510,2508
7511,2509
7512,2510
7513,2511
7514,2512
7515,2513
7516,2514
7517,2515
7518,2516
7519,2517
7520,2518
7521,2519
7522,2520
7523,2521
7524,2522
7525,2523
7526,2524
7527,2525
7528,2526
7529,2527
7530,2528
7531,2529
7532,2530
7533,2531
7534,2532
7535,2533
7536,2534
7537,2535
7538,2536
7539,2537
7540,2538
7541,2539
7542,2540
7543,2541
7544,2542
7545,2543
7546,2544
7547,2545
7548,2546
7549,2547
7550,2548
7551,2549
7552,2550
7553,2551
7554,2552
7555,2553
7556,2554
7557,2555
7558,2556
7559,2557
7560,2558
7561,2559
7562,2560
7563,2561
7564,2562
7565,2563
7566,2564
7567,2565
7568,2566
7569,2567
7570,2568
7571,2569
7572,2570
7573,2571
7574,2572
7575,2573
7576,2574
7577,2575
7578,2576
7579,2577
7580,2578
7581,2579
7582,2580
7583,2581
7584,2582
7585,2583
7586,2584
7587,2585
7588,2586
7589,2587
7590,2588
7591,2589
7592,2590
7593,2591
7594,2592
7595,2593
7596,2594
7597,2595
7598,2596
7599,2597
7600,2598
7601,2599
7602,2600
7603,2601
7604,2602
7605,2603
7606,2604
7607,2605
7608,2606
7609,2607
7610,2608
7611,2609
7612,2610
7613,2611
7614,2612
7615,2613
7616,2614
7617,2615
7618,2616
7619,2617
7620,2618
7621,2619
7622,2620
7623,2621
7624,2622
7625,2623
7626,2624
7627,2625
7628,2626
7629,2627
7630,2628
7631,2629
7632,2630
7633,2631
7634,2632
7635,2633
7636,2634
7637,2635
7638,2636
7639,2637
7640,2638
7641,2639
7642,2640
7643,2641
7644,2642
7645,2643
7646,2644
7647,2645
7648,2646
7649,2647
7650,2648
7651,2649
7652,2650
7653,2651
7654,2652
7655,2653
7656,2654
7657,2655
7658,2656
7659,2657
7660,2658
7661,2659
7662,2660
7663,2661
7664,2662
7665,2663
7666,2664
7667,2665
7668,2666
7669,2667
7670,2668
7671,2669
7672,2670
7673,2671
7674,2672
7675,2673
7676,2674
7677,2675
7678,2676
7679,2677
7680,2678
7681,2679
7682,2680
7683,2681
7684,2682
7685,2683
7686,2684
7687,2685
7688,2686
7689,2687
7690,2688
7691,2689
7692,2690
7693,2691
7694,2692
7695,2693
7696,2694
7697,2695
7698,2696
7699,2697
7700,2698
7701,2699
7702,2700
7703,2701
7704,2702
7705,2703
7706,2704
7707,2705
7708,2706
7709,2707
7710,2708
7711,2709
7712,2710
7713,2711
7714,2712
7715,2713
7716,2714
7717,2715
7718,2716
7719,2717
7720,2718
7721,2719
7722,2720
7723,2721
7724,2722
7725,2723
7726,2724
7727,2725
7728,2726
7729,2727
7730,2728
7731,2729
7732,2730
7733,2731
7734,2732
7735,2733
7736,2734
7737,2735
7738,2736
7739,2737
7740,2738
7741,2739
7742,2740
7743,2741
7744,2742
7745,2743
7746,2744
7747,2745
7748,2746
7749,2747
7750,2748
7751,2749
7752,2750
7753,2751
7754,2752
7755,2753
7756,2754
7757,2755
7758,2756
7759,2757
7760,2758
7761,2759
7762,2760
7763,2761
7764,2762
7765,2763
7766,2764
7767,2765
7768,2766
7769,2767
7770,2768
7771,2769
7772,2770
7773,2771
7774,2772
7775,2773
7776,2774
7777,2775
7778,2776
7779,2777
7780,2778
7781,2779
7782,2780
7783,2781
7784,2782
7785,2783
7786,2784
7787,2785
7788,2786
7789,2787
7790,2788
7791,2789
7792,2790
7793,2791
7794,2792
7795,2793
7796,2794
7797,2795
7798,2796
7799,2797
7800,2798
7801,2799
7802,2800
7803,2801
7804,2802
7805,2803
7806,2804
7807,2805
7808,2806
7809,2807
7810,2808
7811,2809
7812,2810
7813,2811
7814,2812
7815,2813
7816,2814
7817,2815
7818,2816
7819,2817
7820,2818
7821,2819
7822,2820
7823,2821
7824,2822
7825,2823
7826,2824
7827,2825
7828,2826
7829,2827
7830,2828
7831,2829
7832,2830
7833,2831
7834,2832
7835,2833
7836,2834
7837,2835
7838,2836
7839,2837
7840,2838
7841,2839
7842,2840
7843,2841
7844,2842
7845,2843
7846,2844
7847,2845
7848,2846
7849,2847
7850,2848
7851,2849
7852,2850
7853,2851
7854,2852
7855,2853
7856,2854
7857,2855
7858,2856
7859,2857
7860,2858
7861,2859
7862,2860
7863,2861
7864,2862
7865,2863
7866,2864
7867,2865
7868,2866
7869,2867
7870,2868
7871,2869
7872,2870
7873,2871
7874,2872
7875,2873
7876,2874
7877,2875
7878,2876
7879,2877
7880,2878
7881,2879
7882,2880
7883,2881
7884,2882
7885,2883
7886,2884
7887,2885
7888,2886
7889,2887
7890,2888
7891,2889
7892,2890
7893,2891
7894,2892
7895,2893
7896,2894
7897,2895
7898,2896
7899,2897
7900,2898
7901,2899
7902,2900
7903,2901
7904,2902
7905,2903
7906,2904
7907,2905
7908,2906
7909,2907
7910,2908
7911,2909
7912,2910
7913,2911
7914,2912
7915,2913
7916,2914
7917,2915
7918,2916
7919,2917
7920,2918
7921,2919
7922,2920
7923,2921
7924,2922
7925,2923
7926,2924
7927,2925
7928,2926
7929,2927
7930,2928
7931,2929
7932,2930
7933,2931
7934,2932
7935,2933
7936,2934
7937,2935
7938,2936
7939,2937
7940,2938
7941,2939
7942,2940
7943,2941
7944,2942
7945,2943
7946,2944
7947,2945
7948,2946
7949,2947
7950,2948
7951,2949
7952,2950
7953,2951
7954,2952
7955,2953
7956,2954
7957,2955
7958,2956
7959,2957
7960,2958
7961,2959
7962,2960
7963,2961
7964,2962
7965,2963
7966,2964
7967,2965
7968,2966
7969,2967
7970,2968
7971,2969
7972,2970
7973,2971
7974,2972
7975,2973
7976,2974
7977,2975
7978,2976
7979,2977
7980,2978
7981,2979
7982,2980
7983,2981
7984,2982
7985,2983
7986,2984
7987,2985
7988,2986
7989,2987
7990,2988
7991,2989
7992,2990
7993,2991
7994,2992
7995,2993
7996,2994
7997,2995
7998,2996
7999,2997
8000,2998
8001,2999
8002,3000
8003,3001
8004,3002
8005,3003
8006,3004
8007,3005
8008,3006
8009,3007
8010,3008
8011,3009
8012,3010
8013,3011
8014,3012
8015,3013
8016,3014
8017,3015
8018,3016
8019,3017
8020,3018
8021,3019
8022,3020
8023,3021
8024,3022
8025,3023
8026,3024
8027,3025
8028,3026
8029,3027
8030,3028
8031,3029
8032,3030
8033,3031
8034,3032
8035,3033
8036,3034
8037,3035
8038,3036
8039,3037
8040,3038
8041,3039
8042,3040
8043,3041
8044,3042
8045,3043
8046,3044
8047,3045
8048,3046
8049,3047
8050,3048
8051,3049
8052,3050
8053,3051
8054,3052
8055,3053
8056,3054
8057,3055
8058,3056
8059,3057
8060,3058
8061,3059
8062,3060
8063,3061
8064,3062
8065,3063
8066,3064
8067,3065
8068,3066
8069,3067
8070,3068
8071,3069
8072,3070
8073,3071
8074,3072
8075,3073
8076,3074
8077,3075
8078,3076
8079,3077
8080,3078
8081,3079
8082,3080
8083,3081
8084,3082
8085,3083
8086,3084
8087,3085
8088,3086
8089,3087
8090,3088
8091,3089
8092,3090
8093,3091
8094,3092
8095,3093
8096,3094
8097,3095
8098,3096
8099,3097
8100,3098
8101,3099
8102,3100
8103,3101
8104,3102
8105,3103
8106,3104
8107,3105
8108,3106
8109,3107
8110,3108
8111,3109
8112,3110
8113,3111
8114,3112
8115,3113
8116,3114
8117,3115
8118,3116
8119,3117
8120,3118
8121,3119
8122,3120
8123,3121
8124,3122
8125,3123
8126,3124
8127,3125
8128,3126
8129,3127
8130,3128
8131,3129
8132,3130
8133,3131
8134,3132
8135,3133
8136,3134
8137,3135
8138,3136
8139,3137
8140,3138
8141,3139
8142,3140
8143,3141
8144,3142
8145,3143
8146,3144
8147,3145
8148,3146
8149,3147
8150,3148
8151,3149
8152,3150
8153,3151
8154,3152
8155,3153
8156,3154
8157,3155
8158,3156
8159,3157
8160,3158
8161,3159
8162,3160
8163,3161
8164,3162
8165,3163
8166,3164
8167,3165
8168,3166
8169,3167
8170,3168
8171,3169
8172,3170
8173,3171
8174,3172
8175,3173
8176,3174
8177,3175
8178,3176
8179,3177
8180,3178
8181,3179
8182,3180
8183,3181
8184,3182
8185,3183
8186,3184
8187,3185
8188,3186
8189,3187
8190,3188
8191,3189
8192,3190
8193,3191
8194,3192
8195,3193
8196,3194
8197,3195
8198,3196
8199,3197
8200,3198
8201,3199
8202,3200
8203,3201
8204,3202
8205,3203
8206,3204
8207,3205
8208,3206
8209,3207
8210,3208
8211,3209
8212,3210
8213,3211
8214,3212
8215,3213
8216,3214
8217,3215
8218,3216
8219,3217
8220,3218
8221,3219
8222,3220
8223,3221
8224,3222
8225,3223
8226,3224
8227,3225
8228,3226
8229,3227
8230,3228
8231,3229
8232,3230
8233,3231
8234,3232
8235,3233
8236,3234
8237,3235
8238,3236
8239,3237
8240,3238
8241,3239
8242,3240
8243,3241
8244,3242
8245,3243
8246,3244
8247,3245
8248,3246
8249,3247
8250,3248
8251,3249
8252,3250
8253,3251
8254,3252
8255,3253
8256,3254
8257,3255
8258,3256
8259,3257
8260,3258
8261,3259
8262,3260
8263,3261
8264,3262
8265,3263
8266,3264
8267,3265
8268,3266
8269,3267
8270,3268
8271,3269
8272,3270
8273,3271
8274,3272
8275,3273
8276,3274
8277,3275
8278,3276
8279,3277
8280,3278
8281,3279
8282,3280
8283,3281
8284,3282
8285,3283
8286,3284
8287,3285
8288,3286
8289,3287
8290,3288
8291,3289
8292,3290
8293,3291
8294,3292
8295,3293
8296,3294
8297,3295
8298,3296
8299,3297
8300,3298
8301,3299
8302,3300
8303,3301
8304,3302
8305,3303
8306,3304
8307,3305
8308,3306
8309,3307
8310,3308
8311,3309
8312,3310
8313,3311
8314,3312
8315,3313
8316,3314
8317,3315
8318,3316
8319,3317
8320,3318
8321,3319
8322,3320
8323,3321
8324,3322
8325,3323
8326,3324
8327,3325
8328,3326
8329,3327
8330,3328
8331,3329
8332,3330
8333,3331
8334,3332
8335,3333
8336,3334
8337,3335
8338,3336
8339,3337
8340,3338
8341,3339
8342,3340
8343,3341
8344,3342
8345,3343
8346,3344
8347,3345
8348,3346
8349,3347
8350,3348
8351,3349
8352,3350
8353,3351
8354,3352
8355,3353
8356,3354
8357,3355
8358,3356
8359,3357
8360,3358
8361,3359
8362,3360
8363,3361
8364,3362
8365,3363
8366,3364
8367,3365
8368,3366
8369,3367
8370,3368
8371,3369
8372,3370
8373,3371
8374,3372
8375,3373
8376,3374
8377,3375
8378,3376
8379,3377
8380,3378
8381,3379
8382,3380
8383,3381
8384,3382
8385,3383
8386,3384
8387,3385
8388,3386
8389,3387
8390,3388
8391,3389
8392,3390
8393,3391
8394,3392
8395,3393
8396,3394
8397,3395
8398,3396
8399,3397
8400,3398
8401,3399
8402,3400
8403,3401
8404,3402
8405,3403
8406,3404
8407,3405
8408,3406
8409,3407
8410,3408
8411,3409
8412,3410
8413,3411
8414,3412
8415,3413
8416,3414
8417,3415
8418,3416
8419,3417
8420,3418
8421,3419
8422,3420
8423,3421
8424,3422
8425,3423
8426,3424
8427,3425
8428,3426
8429,3427
8430,3428
8431,3429
8432,3430
8433,3431
8434,3432
8435,3433
8436,3434
8437,3435
8438,3436
8439,3437
8440,3438
8441,3439
8442,3440
8443,3441
8444,3442
8445,3443
8446,3444
8447,3445
8448,3446
8449,3447
8450,3448
8451,3449
8452,3450
8453,3451
8454,3452
8455,3453
8456,3454
8457,3455
8458,3456
8459,3457
8460,3458
8461,3459
8462,3460
8463,3461
8464,3462
8465,3463
8466,3464
8467,3465
8468,3466
8469,3467
8470,3468
8471,3469
8472,3470
8473,3471
8474,3472
8475,3473
8476,3474
8477,3475
8478,3476
8479,3477
8480,3478
8481,3479
8482,3480
8483,3481
8484,3482
8485,3483
8486,3484
8487,3485
8488,3486
8489,3487
8490,3488
8491,3489
8492,3490
8493,3491
8494,3492
8495,3493
8496,3494
8497,3495
8498,3496
8499,3497
8500,3498
8501,3499
8502,3500
8503,3501
8504,3502
8505,3503
8506,3504
8507,3505
8508,3506
8509,3507
8510,3508
8511,3509
8512,3510
8513,3511
8514,3512
8515,3513
8516,3514
8517,3515
8518,3516
8519,3517
8520,3518
8521,3519
8522,3520
8523,3521
8524,3522
8525,3523
8526,3524
8527,3525
8528,3526
8529,3527
8530,3528
8531,3529
8532,3530
8533,3531
8534,3532
8535,3533
8536,3534
8537,3535
8538,3536
8539,3537
8540,3538
8541,3539
8542,3540
8543,3541
8544,3542
8545,3543
8546,3544
8547,3545
8548,3546
8549,3547
8550,3548
8551,3549
8552,3550
8553,3551
8554,3552
8555,3553
8556,3554
8557,3555
8558,3556
8559,3557
8560,3558
8561,3559
8562,3560
8563,3561
8564,3562
8565,3563
8566,3564
8567,3565
8568,3566
8569,3567
8570,3568
8571,3569
8572,3570
8573,3571
8574,3572
8575,3573
8576,3574
8577,3575
8578,3576
8579,3577
8580,3578
8581,3579
8582,3580
8583,3581
8584,3582
8585,3583
8586,3584
8587,3585
8588,3586
8589,3587
8590,3588
8591,3589
8592,3590
8593,3591
8594,3592
8595,3593
8596,3594
8597,3595
8598,3596
8599,3597
8600,3598
8601,3599
8602,3600
8603,3601
8604,3602
8605,3603
8606,3604
8607,3605
8608,3606
8609,3607
8610,3608
8611,3609
8612,3610
8613,3611
8614,3612
8615,3613
8616,3614
8617,3615
8618,3616
8619,3617
8620,3618
8621,3619
8622,3620
8623,3621
8624,3622
8625,3623
8626,3624
8627,3625
8628,3626
8629,3627
8630,3628
8631,3629
8632,3630
8633,3631
8634,3632
8635,3633
8636,3634
8637,3635
8638,3636
8639,3637
8640,3638
8641,3639
8642,3640
8643,3641
8644,3642
8645,3643
8646,3644
8647,3645
8648,3646
8649,3647
8650,3648
8651,3649
8652,3650
8653,3651
8654,3652
8655,3653
8656,3654
8657,3655
8658,3656
8659,3657
8660,3658
8661,3659
8662,3660
8663,3661
8664,3662
8665,3663
8666,3664
8667,3665
8668,3666
8669,3667
8670,3668
8671,3669
8672,3670
8673,3671
8674,3672
8675,3673
8676,3674
8677,3675
8678,3676
8679,3677
8680,3678
8681,3679
8682,3680
8683,3681
8684,3682
8685,3683
8686,3684
8687,3685
8688,3686
8689,3687
8690,3688
8691,3689
8692,3690
8693,3691
8694,3692
8695,3693
8696,3694
8697,3695
8698,3696
8699,3697
8700,3698
8701,3699
8702,3700
8703,3701
8704,3702
8705,3703
8706,3704
8707,3705
8708,3706
8709,3707
8710,3708
8711,3709
8712,3710
8713,3711
8714,3712
8715,3713
8716,3714
8717,3715
8718,3716
8719,3717
8720,3718
8721,3719
8722,3720
8723,3721
8724,3722
8725,3723
8726,3724
8727,3725
8728,3726
8729,3727
8730,3728
8731,3729
8732,3730
8733,3731
8734,3732
8735,3733
8736,3734
8737,3735
8738,3736
8739,3737
8740,3738
8741,3739
8742,3740
8743,3741
8744,3742
8745,3743
8746,3744
8747,3745
8748,3746
8749,3747
8750,3748
8751,3749
8752,3750
8753,3751
8754,3752
8755,3753
8756,3754
8757,3755
8758,3756
8759,3757
8760,3758
8761,3759
8762,3760
8763,3761
8764,3762
8765,3763
8766,3764
8767,3765
8768,3766
8769,3767
8770,3768
8771,3769
8772,3770
8773,3771
8774,3772
8775,3773
8776,3774
8777,3775
8778,3776
8779,3777
8780,3778
8781,3779
8782,3780
8783,3781
8784,3782
8785,3783
8786,3784
8787,3785
8788,3786
8789,3787
8790,3788
8791,3789
8792,3790
8793,3791
8794,3792
8795,3793
8796,3794
8797,3795
8798,3796
8799,3797
8800,3798
8801,3799
8802,3800
8803,3801
8804,3802
8805,3803
8806,3804
8807,3805
8808,3806
8809,3807
8810,3808
8811,3809
8812,3810
8813,3811
8814,3812
8815,3813
8816,3814
8817,3815
8818,3816
8819,3817
8820,3818
8821,3819
8822,3820
8823,3821
8824,3822
8825,3823
8826,3824
8827,3825
8828,3826
8829,3827
8830,3828
8831,3829
8832,3830
8833,3831
8834,3832
8835,3833
8836,3834
8837,3835
8838,3836
8839,3837
8840,3838
8841,3839
8842,3840
8843,3841
8844,3842
8845,3843
8846,3844
8847,3845
8848,3846
8849,3847
8850,3848
8851,3849
8852,3850
8853,3851
8854,3852
8855,3853
8856,3854
8857,3855
8858,3856
8859,3857
8860,3858
8861,3859
8862,3860
8863,3861
8864,3862
8865,3863
8866,3864
8867,3865
8868,3866
8869,3867
8870,3868
8871,3869
8872,3870
8873,3871
8874,3872
8875,3873
8876,3874
8877,3875
8878,3876
8879,3877
8880,3878
8881,3879
8882,3880
8883,3881
8884,3882
8885,3883
8886,3884
8887,3885
8888,3886
8889,3887
8890,3888
8891,3889
8892,3890
8893,3891
8894,3892
8895,3893
8896,3894
8897,3895
8898,3896
8899,3897
8900,3898
8901,3899
8902,3900
8903,3901
8904,3902
8905,3903
8906,3904
8907,3905
8908,3906
8909,3907
8910,3908
8911,3909
8912,3910
8913,3911
8914,3912
8915,3913
8916,3914
8917,3915
8918,3916
8919,3917
8920,3918
8921,3919
8922,3920
8923,3921
8924,3922
8925,3923
8926,3924
8927,3925
8928,3926
8929,3927
8930,3928
8931,3929
8932,3930
8933,3931
8934,3932
8935,3933
8936,3934
8937,3935
8938,3936
8939,3937
8940,3938
8941,3939
8942,3940
8943,3941
8944,3942
8945,3943
8946,3944
8947,3945
8948,3946
8949,3947
8950,3948
8951,3949
8952,3950
8953,3951
8954,3952
8955,3953
8956,3954
8957,3955
8958,3956
8959,3957
8960,3958
8961,3959
8962,3960
8963,3961
8964,3962
8965,3963
8966,3964
8967,3965
8968,3966
8969,3967
8970,3968
8971,3969
8972,3970
8973,3971
8974,3972
8975,3973
8976,3974
8977,3975
8978,3976
8979,3977
8980,3978
8981,3979
8982,3980
8983,3981
8984,3982
8985,3983
8986,3984
8987,3985
8988,3986
8989,3987
8990,3988
8991,3989
8992,3990
8993,3991
8994,3992
8995,3993
8996,3994
8997,3995
8998,3996
8999,3997
9000,3998
9001,3999
9002,4000
9003,4001
9004,4002
9005,4003
9006,4004
9007,4005
9008,4006
9009,4007
9010,4008
9011,4009
9012,4010
9013,4011
9014,4012
9015,4013
9016,4014
9017,4015
9018,4016
9019,4017
9020,4018
9021,4019
9022,4020
9023,4021
9024,4022
9025,4023
9026,4024
9027,4025
9028,4026
9029,4027
9030,4028
9031,4029
9032,4030
9033,4031
9034,4032
9035,4033
9036,4034
9037,4035
9038,4036
9039,4037
9040,4038
9041,4039
9042,4040
9043,4041
9044,4042
9045,4043
9046,4044
9047,4045
9048,4046
9049,4047
9050,4048
9051,4049
9052,4050
9053,4051
9054,4052
9055,4053
9056,4054
9057,4055
9058,4056
9059,4057
9060,4058
9061,4059
9062,4060
9063,4061
9064,4062
9065,4063
9066,4064
9067,4065
9068,4066
9069,4067
9070,4068
9071,4069
9072,4070
9073,4071
9074,4072
9075,4073
9076,4074
9077,4075
9078,4076
9079,4077
9080,4078
9081,4079
9082,4080
9083,4081
9084,4082
9085,4083
9086,4084
9087,4085
9088,4086
9089,4087
9090,4088
9091,4089
9092,4090
9093,4091
9094,4092
9095,4093
9096,4094
9097,4095
9098,4096
9099,4097
9100,4098
9101,4099
9102,4100
9103,4101
9104,4102
9105,4103
9106,4104
9107,4105
9108,4106
9109,4107
9110,4108
9111,4109
9112,4110
9113,4111
9114,4112
9115,4113
9116,4114
9117,4115
9118,4116
9119,4117
9120,4118
9121,4119
9122,4120
9123,4121
9124,4122
9125,4123
9126,4124
9127,4125
9128,4126
9129,4127
9130,4128
9131,4129
9132,4130
9133,4131
9134,4132
9135,4133
9136,4134
9137,4135
9138,4136
9139,4137
9140,4138
9141,4139
9142,4140
9143,4141
9144,4142
9145,4143
9146,4144
9147,4145
9148,4146
9149,4147
9150,4148
9151,4149
9152,4150
9153,4151
9154,4152
9155,4153
9156,4154
9157,4155
9158,4156
9159,4157
9160,4158
9161,4159
9162,4160
9163,4161
9164,4162
9165,4163
9166,4164
9167,4165
9168,4166
9169,4167
9170,4168
9171,4169
9172,4170
9173,4171
9174,4172
9175,4173
9176,4174
9177,4175
9178,4176
9179,4177
9180,4178
9181,4179
9182,4180
9183,4181
9184,4182
9185,4183
9186,4184
9187,4185
9188,4186
9189,4187
9190,4188
9191,4189
9192,4190
9193,4191
9194,4192
9195,4193
9196,4194
9197,4195
9198,4196
9199,4197
9200,4198
9201,4199
9202,4200
9203,4201
9204,4202
9205,4203
9206,4204
9207,4205
9208,4206
9209,4207
9210,4208
9211,4209
9212,4210
9213,4211
9214,4212
9215,4213
9216,4214
9217,4215
9218,4216
9219,4217
9220,4218
9221,4219
9222,4220
9223,4221
9224,4222
9225,4223
9226,4224
9227,4225
9228,4226
9229,4227
9230,4228
9231,4229
9232,4230
9233,4231
9234,4232
9235,4233
9236,4234
9237,4235
9238,4236
9239,4237
9240,4238
9241,4239
9242,4240
9243,4241
9244,4242
9245,4243
9246,4244
9247,4245
9248,4246
9249,4247
9250,4248
9251,4249
9252,4250
9253,4251
9254,4252
9255,4253
9256,4254
9257,4255
9258,4256
9259,4257
9260,4258
9261,4259
9262,4260
9263,4261
9264,4262
9265,4263
9266,4264
9267,4265
9268,4266
9269,4267
9270,4268
9271,4269
9272,4270
9273,4271
9274,4272
9275,4273
9276,4274
9277,4275
9278,4276
9279,4277
9280,4278
9281,4279
9282,4280
9283,4281
9284,4282
9285,4283
9286,4284
9287,4285
9288,4286
9289,4287
9290,4288
9291,4289
9292,4290
9293,4291
9294,4292
9295,4293
9296,4294
9297,4295
9298,4296
9299,4297
9300,4298
9301,4299
9302,4300
9303,4301
9304,4302
9305,4303
9306,4304
9307,4305
9308,4306
9309,4307
9310,4308
9311,4309
9312,4310
9313,4311
9314,4312
9315,4313
9316,4314
9317,4315
9318,4316
9319,4317
9320,4318
9321,4319
9322,4320
9323,4321
9324,4322
9325,4323
9326,4324
9327,4325
9328,4326
9329,4327
9330,4328
9331,4329
9332,4330
9333,4331
9334,4332
9335,4333
9336,4334
9337,4335
9338,4336
9339,4337
9340,4338
9341,4339
9342,4340
9343,4341
9344,4342
9345,4343
9346,4344
9347,4345
9348,4346
9349,4347
9350,4348
9351,4349
9352,4350
9353,4351
9354,4352
9355,4353
9356,4354
9357,4355
9358,4356
9359,4357
9360,4358
9361,4359
9362,4360
9363,4361
9364,4362
9365,4363
9366,4364
9367,4365
9368,4366
9369,4367
9370,4368
9371,4369
9372,4370
9373,4371
9374,4372
9375,4373
9376,4374
9377,4375
9378,4376
9379,4377
9380,4378
9381,4379
9382,4380
9383,4381
9384,4382
9385,4383
9386,4384
9387,4385
9388,4386
9389,4387
9390,4388
9391,4389
9392,4390
9393,4391
9394,4392
9395,4393
9396,4394
9397,4395
9398,4396
9399,4397
9400,4398
9401,4399
9402,4400
9403,4401
9404,4402
9405,4403
9406,4404
9407,4405
9408,4406
9409,4407
9410,4408
9411,4409
9412,4410
9413,4411
9414,4412
9415,4413
9416,4414
9417,4415
9418,4416
9419,4417
9420,4418
9421,4419
9422,4420
9423,4421
9424,4422
9425,4423
9426,4424
9427,4425
9428,4426
9429,4427
9430,4428
9431,4429
9432,4430
9433,4431
9434,4432
9435,4433
9436,4434
9437,4435
9438,4436
9439,4437
9440,4438
9441,4439
9442,4440
9443,4441
9444,4442
9445,4443
9446,4444
9447,4445
9448,4446
9449,4447
9450,4448
9451,4449
9452,4450
9453,4451
9454,4452
9455,4453
9456,4454
9457,4455
9458,4456
9459,4457
9460,4458
9461,4459
9462,4460
9463,4461
9464,4462
9465,4463
9466,4464
9467,4465
9468,4466
9469,4467
9470,4468
9471,4469
9472,4470
9473,4471
9474,4472
9475,4473
9476,4474
9477,4475
9478,4476
9479,4477
9480,4478
9481,4479
9482,4480
9483,4481
9484,4482
9485,4483
9486,4484
9487,4485
9488,4486
9489,4487
9490,4488
9491,4489
9492,4490
9493,4491
9494,4492
9495,4493
9496,4494
9497,4495
9498,4496
9499,4497
9500,4498
9501,4499
9502,4500
9503,4501
9504,4502
9505,4503
9506,4504
9507,4505
9508,4506
9509,4507
9510,4508
9511,4509
9512,4510
9513,4511
9514,4512
9515,4513
9516,4514
9517,4515
9518,4516
9519,4517
9520,4518
9521,4519
9522,4520
9523,4521
9524,4522
9525,4523
9526,4524
9527,4525
9528,4526
9529,4527
9530,4528
9531,4529
9532,4530
9533,4531
9534,4532
9535,4533
9536,4534
9537,4535
9538,4536
9539,4537
9540,4538
9541,4539
9542,4540
9543,4541
9544,4542
9545,4543
9546,4544
9547,4545
9548,4546
9549,4547
9550,4548
9551,4549
9552,4550
9553,4551
9554,4552
9555,4553
9556,4554
9557,4555
9558,4556
9559,4557
9560,4558
9561,4559
9562,4560
9563,4561
9564,4562
9565,4563
9566,4564
9567,4565
9568,4566
9569,4567
9570,4568
9571,4569
9572,4570
9573,4571
9574,4572
9575,4573
9576,4574
9577,4575
9578,4576
9579,4577
9580,4578
9581,4579
9582,4580
9583,4581
9584,4582
9585,4583
9586,4584
9587,4585
9588,4586
9589,4587
9590,4588
9591,4589
9592,4590
9593,4591
9594,4592
9595,4593
9596,4594
9597,4595
9598,4596
9599,4597
9600,4598
9601,4599
9602,4600
9603,4601
9604,4602
9605,4603
9606,4604
9607,4605
9608,4606
9609,4607
9610,4608
9611,4609
9612,4610
9613,4611
9614,4612
9615,4613
9616,4614
9617,4615
9618,4616
9619,4617
9620,4618
9621,4619
9622,4620
9623,4621
9624,4622
9625,4623
9626,4624
9627,4625
9628,4626
9629,4627
9630,4628
9631,4629
9632,4630
9633,4631
9634,4632
9635,4633
9636,4634
9637,4635
9638,4636
9639,4637
9640,4638
9641,4639
9642,4640
9643,4641
9644,4642
9645,4643
9646,4644
9647,4645
9648,4646
9649,4647
9650,4648
9651,4649
9652,4650
9653,4651
9654,4652
9655,4653
9656,4654
9657,4655
9658,4656
9659,4657
9660,4658
9661,4659
9662,4660
9663,4661
9664,4662
9665,4663
9666,4664
9667,4665
9668,4666
9669,4667
9670,4668
9671,4669
9672,4670
9673,4671
9674,4672
9675,4673
9676,4674
9677,4675
9678,4676
9679,4677
9680,4678
9681,4679
9682,4680
9683,4681
9684,4682
9685,4683
9686,4684
9687,4685
9688,4686
9689,4687
9690,4688
9691,4689
9692,4690
9693,4691
9694,4692
9695,4693
9696,4694
9697,4695
9698,4696
9699,4697
9700,4698
9701,4699
9702,4700
9703,4701
9704,4702
9705,4703
9706,4704
9707,4705
9708,4706
9709,4707
9710,4708
9711,4709
9712,4710
9713,4711
9714,4712
9715,4713
9716,4714
9717,4715
9718,4716
9719,4717
9720,4718
9721,4719
9722,4720
9723,4721
9724,4722
9725,4723
9726,4724
9727,4725
9728,4726
9729,4727
9730,4728
9731,4729
9732,4730
9733,4731
9734,4732
9735,4733
9736,4734
9737,4735
9738,4736
9739,4737
9740,4738
9741,4739
9742,4740
9743,4741
9744,4742
9745,4743
9746,4744
9747,4745
9748,4746
9749,4747
9750,4748
9751,4749
9752,4750
9753,4751
9754,4752
9755,4753
9756,4754
9757,4755
9758,4756
9759,4757
9760,4758
9761,4759
9762,4760
9763,4761
9764,4762
9765,4763
9766,4764
9767,4765
9768,4766
9769,4767
9770,4768
9771,4769
9772,4770
9773,4771
9774,4772
9775,4773
9776,4774
9777,4775
9778,4776
9779,4777
9780,4778
9781,4779
9782,4780
9783,4781
9784,4782
9785,4783
9786,4784
9787,4785
9788,4786
9789,4787
9790,4788
9791,4789
9792,4790
9793,4791
9794,4792
9795,4793
9796,4794
9797,4795
9798,4796
9799,4797
9800,4798
9801,4799
9802,4800
9803,4801
9804,4802
9805,4803
9806,4804
9807,4805
9808,4806
9809,4807
9810,4808
9811,4809
9812,4810
9813,4811
9814,4812
9815,4813
9816,4814
9817,4815
9818,4816
9819,4817
9820,4818
9821,4819
9822,4820
9823,4821
9824,4822
9825,4823
9826,4824
9827,4825
9828,4826
9829,4827
9830,4828
9831,4829
9832,4830
9833,4831
9834,4832
9835,4833
9836,4834
9837,4835
9838,4836
9839,4837
9840,4838
9841,4839
9842,4840
9843,4841
9844,4842
9845,4843
9846,4844
9847,4845
9848,4846
9849,4847
9850,4848
9851,4849
9852,4850
9853,4851
9854,4852
9855,4853
9856,4854
9857,4855
9858,4856
9859,4857
9860,4858
9861,4859
9862,4860
9863,4861
9864,4862
9865,4863
9866,4864
9867,4865
9868,4866
9869,4867
9870,4868
9871,4869
9872,4870
9873,4871
9874,4872
9875,4873
9876,4874
9877,4875
9878,4876
9879,4877
9880,4878
9881,4879
9882,4880
9883,4881
9884,4882
9885,4883
9886,4884
9887,4885
9888,4886
9889,4887
9890,4888
9891,4889
9892,4890
9893,4891
9894,4892
9895,4893
9896,4894
9897,4895
9898,4896
9899,4897
9900,4898
9901,4899
9902,4900
9903,4901
9904,4902
9905,4903
9906,4904
9907,4905
9908,4906
9909,4907
9910,4908
9911,4909
9912,4910
9913,4911
9914,4912
9915,4913
9916,4914
9917,4915
9918,4916
9919,4917
9920,4918
9921,4919
9922,4920
9923,4921
9924,4922
9925,4923
9926,4924
9927,4925
9928,4926
9929,4927
9930,4928
9931,4929
9932,4930
9933,4931
9934,4932
9935,4933
9936,4934
9937,4935
9938,4936
9939,4937
9940,4938
9941,4939
9942,4940
9943,4941
9944,4942
9945,4943
9946,4944
9947,4945
9948,4946
9949,4947
9950,4948
9951,4949
9952,4950
9953,4951
9954,4952
9955,4953
9956,4954
9957,4955
9958,4956
9959,4957
9960,4958
9961,4959
9962,4960
9963,4961
9964,4962
9965,4963
9966,4964
9967,4965
9968,4966
9969,4967
9970,4968
9971,4969
9972,4970
9973,4971
9974,4972
9975,4973
9976,4974
9977,4975
9978,4976
9979,4977
9980,4978
9981,4979
9982,4980
9983,4981
9984,4982
9985,4983
9986,4984
9987,4985
9988,4986
9989,4987
9990,4988
9991,4989
9992,4990
9993,4991
9994,4992
9995,4993
9996,4994
9997,4995
9998,4996
9999,4997
10000,4998
10001,4999
